Date,TipoCambio,Fuente
1988-04-04,0.0006728749999999998,com_3501
1988-04-05,0.0006728749999999998,com_3501
1988-04-06,0.0006728749999999998,com_3501
1988-04-07,0.0006728749999999998,com_3501
1988-04-08,0.0006728749999999998,com_3501
1988-04-09,0.0006728749999999998,com_3501
1988-04-10,0.0006728749999999998,com_3501
1988-04-11,0.0006728749999999998,com_3501
1988-04-12,0.000679,com_3501
1988-04-13,0.000679,com_3501
1988-04-14,0.000679,com_3501
1988-04-15,0.000679,com_3501
1988-04-16,0.000679,com_3501
1988-04-17,0.000679,com_3501
1988-04-18,0.000679,com_3501
1988-04-19,0.000679,com_3501
1988-04-20,0.000679,com_3501
1988-04-21,0.000679,com_3501
1988-04-22,0.000679,com_3501
1988-04-23,0.000679,com_3501
1988-04-24,0.000679,com_3501
1988-04-25,0.000679,com_3501
1988-04-26,0.0007326874999999998,com_3501
1988-04-27,0.0007354062499999997,com_3501
1988-04-28,0.0007354062499999997,com_3501
1988-04-29,0.0007354062499999997,com_3501
1988-04-30,0.0007354062499999997,com_3501
1988-05-01,0.0007354062499999997,com_3501
1988-05-02,0.0007596874999999998,com_3501
1988-05-03,0.0007596874999999998,com_3501
1988-05-04,0.0007596874999999998,com_3501
1988-05-05,0.0007596874999999998,com_3501
1988-05-06,0.0007596874999999998,com_3501
1988-05-07,0.0007596874999999998,com_3501
1988-05-08,0.0007596874999999998,com_3501
1988-05-09,0.0007970937500000001,com_3501
1988-05-10,0.0007970937500000001,com_3501
1988-05-11,0.0007970937500000001,com_3501
1988-05-12,0.0007970937500000001,com_3501
1988-05-13,0.0007970937500000001,com_3501
1988-05-14,0.0007970937500000001,com_3501
1988-05-15,0.0007970937500000001,com_3501
1988-05-16,0.0008345000000000003,com_3501
1988-05-17,0.0008398437500000003,com_3501
1988-05-18,0.0008451875000000003,com_3501
1988-05-19,0.0008451875000000003,com_3501
1988-05-20,0.0008451875000000003,com_3501
1988-05-21,0.0008451875000000003,com_3501
1988-05-22,0.0008451875000000003,com_3501
1988-05-23,0.0008451875000000003,com_3501
1988-05-24,0.0008772500000000004,com_3501
1988-05-25,0.0008772500000000004,com_3501
1988-05-26,0.0008879375000000005,com_3501
1988-05-27,0.0008879375000000005,com_3501
1988-05-28,0.0008879375000000005,com_3501
1988-05-29,0.0008879375000000005,com_3501
1988-05-30,0.0009093125000000004,com_3501
1988-05-31,0.0009093125000000004,com_3501
1988-06-01,0.0009262812500000005,com_3501
1988-06-02,0.0009325625000000004,com_3501
1988-06-03,0.0009325625000000004,com_3501
1988-06-04,0.0009325625000000004,com_3501
1988-06-05,0.0009325625000000004,com_3501
1988-06-06,0.0009325625000000004,com_3501
1988-06-07,0.0009325625000000004,com_3501
1988-06-08,0.0009702500000000004,com_3501
1988-06-09,0.0009702500000000004,com_3501
1988-06-10,0.0009702500000000004,com_3501
1988-06-11,0.0009702500000000004,com_3501
1988-06-12,0.0009702500000000004,com_3501
1988-06-13,0.0009702500000000004,com_3501
1988-06-14,0.0010079375000000004,com_3501
1988-06-15,0.0010079375000000004,com_3501
1988-06-16,0.0010079375000000004,com_3501
1988-06-17,0.0010079375000000004,com_3501
1988-06-18,0.0010079375000000004,com_3501
1988-06-19,0.0010079375000000004,com_3501
1988-06-20,0.0010079375000000004,com_3501
1988-06-21,0.0010079375000000004,com_3501
1988-06-22,0.0010581875,com_3501
1988-06-23,0.0010581875,com_3501
1988-06-24,0.0010581875,com_3501
1988-06-25,0.0010581875,com_3501
1988-06-26,0.0010581875,com_3501
1988-06-27,0.00108959375,com_3501
1988-06-28,0.00108959375,com_3501
1988-06-29,0.00108959375,com_3501
1988-06-30,0.0011084375,com_3501
1988-07-01,0.0011201875,com_3501
1988-07-02,0.0011201875,com_3501
1988-07-03,0.0011201875,com_3501
1988-07-04,0.001142875,com_3501
1988-07-05,0.001142875,com_3501
1988-07-06,0.001142875,com_3501
1988-07-07,0.00115928125,com_3501
1988-07-08,0.00115928125,com_3501
1988-07-09,0.00115928125,com_3501
1988-07-10,0.00115928125,com_3501
1988-07-11,0.0011811562499999997,com_3501
1988-07-12,0.0011811562499999997,com_3501
1988-07-13,0.0011811562499999997,com_3501
1988-07-14,0.0011975624999999996,com_3501
1988-07-15,0.0012030312499999995,com_3501
1988-07-16,0.0012030312499999995,com_3501
1988-07-17,0.0012030312499999995,com_3501
1988-07-18,0.0012194374999999994,com_3501
1988-07-19,0.0012194374999999994,com_3501
1988-07-20,0.0012303749999999993,com_3501
1988-07-21,0.0012303749999999993,com_3501
1988-07-22,0.0012303749999999993,com_3501
1988-07-23,0.0012303749999999993,com_3501
1988-07-24,0.0012303749999999993,com_3501
1988-07-25,0.0012303749999999993,com_3501
1988-07-26,0.0012631874999999993,com_3501
1988-07-27,0.0012631874999999993,com_3501
1988-07-28,0.0012741249999999992,com_3501
1988-07-29,0.0012741249999999992,com_3501
1988-07-30,0.0012741249999999992,com_3501
1988-07-31,0.0012741249999999992,com_3501
1988-08-01,0.0012741249999999992,com_3501
1988-08-02,0.0012741249999999992,com_3501
1988-08-03,0.0012741249999999992,com_3501
1988-08-04,0.001314124999999999,com_3501
1988-08-05,0.001314124999999999,com_3501
1988-08-06,0.001314124999999999,com_3501
1988-08-07,0.001314124999999999,com_3501
1988-08-08,0.001332249999999999,com_3501
1988-08-09,0.0013367812499999992,com_3501
1988-08-10,0.0013367812499999992,com_3501
1988-08-11,0.0013458437499999992,com_3501
1988-08-12,0.0013458437499999992,com_3501
1988-08-13,0.0013458437499999992,com_3501
1988-08-14,0.0013458437499999992,com_3501
1988-08-15,0.0013458437499999992,com_3501
1988-08-16,0.0013458437499999992,com_3501
1988-08-17,0.0013458437499999992,com_3501
1988-08-18,0.0013775624999999999,com_3501
1988-08-19,0.0013775624999999999,com_3501
1988-08-20,0.0013775624999999999,com_3501
1988-08-21,0.0013775624999999999,com_3501
1988-08-22,0.0013956874999999998,com_3501
1988-08-23,0.0013956874999999998,com_3501
1988-08-24,0.0014047499999999997,com_3501
1988-08-25,0.0014092812499999997,com_3501
1988-08-26,0.0014092812499999997,com_3501
1988-08-27,0.0014092812499999997,com_3501
1988-08-28,0.0014092812499999997,com_3501
1988-08-29,0.0014274062499999996,com_3501
1988-08-30,0.0014274062499999996,com_3501
1988-08-31,0.0014364687499999996,com_3501
1988-09-01,0.0014428124999999997,com_3501
1988-09-02,0.0014446249999999997,com_3501
1988-09-03,0.0014446249999999997,com_3501
1988-09-04,0.0014446249999999997,com_3501
1988-09-05,0.0014446249999999997,com_3501
1988-09-06,0.001451875,com_3501
1988-09-07,0.0014536875000000001,com_3501
1988-09-08,0.0014536875000000001,com_3501
1988-09-09,0.0014536875000000001,com_3501
1988-09-10,0.0014536875000000001,com_3501
1988-09-11,0.0014536875000000001,com_3501
1988-09-12,0.0014536875000000001,com_3501
1988-09-13,0.0014536875000000001,com_3501
1988-09-14,0.0014663750000000002,com_3501
1988-09-15,0.0014663750000000002,com_3501
1988-09-16,0.0014663750000000002,com_3501
1988-09-17,0.0014663750000000002,com_3501
1988-09-18,0.0014663750000000002,com_3501
1988-09-19,0.0014754375000000002,com_3501
1988-09-20,0.0014754375000000002,com_3501
1988-09-21,0.0014754375000000002,com_3501
1988-09-22,0.0014754375000000002,com_3501
1988-09-23,0.0014826875,com_3501
1988-09-24,0.0014826875,com_3501
1988-09-25,0.0014826875,com_3501
1988-09-26,0.0014826875,com_3501
1988-09-27,0.0014826875,com_3501
1988-09-28,0.0014826875,com_3501
1988-09-29,0.0014935625000000003,com_3501
1988-09-30,0.0014953750000000002,com_3501
1988-10-01,0.0014953750000000002,com_3501
1988-10-02,0.0014953750000000002,com_3501
1988-10-03,0.001500125,com_3501
1988-10-04,0.001500125,com_3501
1988-10-05,0.001500125,com_3501
1988-10-06,0.0015012499999999998,com_3501
1988-10-07,0.0015016249999999997,com_3501
1988-10-08,0.0015016249999999997,com_3501
1988-10-09,0.0015016249999999997,com_3501
1988-10-10,0.0015016249999999997,com_3501
1988-10-11,0.0015031249999999995,com_3501
1988-10-12,0.0015034999999999996,com_3501
1988-10-13,0.0015038749999999996,com_3501
1988-10-14,0.0015038749999999996,com_3501
1988-10-15,0.0015038749999999996,com_3501
1988-10-16,0.0015038749999999996,com_3501
1988-10-17,0.0015053749999999993,com_3501
1988-10-18,0.0015057499999999993,com_3501
1988-10-19,0.0015061249999999992,com_3501
1988-10-20,0.0015064999999999992,com_3501
1988-10-21,0.0015064999999999992,com_3501
1988-10-22,0.0015064999999999992,com_3501
1988-10-23,0.0015064999999999992,com_3501
1988-10-24,0.0015064999999999992,com_3501
1988-10-25,0.0015064999999999992,com_3501
1988-10-26,0.001508749999999999,com_3501
1988-10-27,0.001509124999999999,com_3501
1988-10-28,0.001509124999999999,com_3501
1988-10-29,0.001509124999999999,com_3501
1988-10-30,0.001509124999999999,com_3501
1988-10-31,0.001509124999999999,com_3501
1988-11-01,0.0015127499999999991,com_3501
1988-11-02,0.0015144999999999991,com_3501
1988-11-03,0.0015144999999999991,com_3501
1988-11-04,0.0015144999999999991,com_3501
1988-11-05,0.0015144999999999991,com_3501
1988-11-06,0.0015144999999999991,com_3501
1988-11-07,0.0015144999999999991,com_3501
1988-11-08,0.0015249999999999992,com_3501
1988-11-09,0.0015267499999999992,com_3501
1988-11-10,0.0015267499999999992,com_3501
1988-11-11,0.0015302499999999993,com_3501
1988-11-12,0.0015302499999999993,com_3501
1988-11-13,0.0015302499999999993,com_3501
1988-11-14,0.0015354999999999993,com_3501
1988-11-15,0.0015354999999999993,com_3501
1988-11-16,0.0015354999999999993,com_3501
1988-11-17,0.0015354999999999993,com_3501
1988-11-18,0.0015354999999999993,com_3501
1988-11-19,0.0015354999999999993,com_3501
1988-11-20,0.0015354999999999993,com_3501
1988-11-21,0.0015477499999999994,com_3501
1988-11-22,0.0015477499999999994,com_3501
1988-11-23,0.0015477499999999994,com_3501
1988-11-24,0.0015529999999999995,com_3501
1988-11-25,0.0015547499999999995,com_3501
1988-11-26,0.0015547499999999995,com_3501
1988-11-27,0.0015547499999999995,com_3501
1988-11-28,0.0015599999999999995,com_3501
1988-11-29,0.0015599999999999995,com_3501
1988-11-30,0.0015634999999999994,com_3501
1988-12-01,0.0015679687499999995,com_3501
1988-12-02,0.0015679687499999995,com_3501
1988-12-03,0.0015679687499999995,com_3501
1988-12-04,0.0015679687499999995,com_3501
1988-12-05,0.0015679687499999995,com_3501
1988-12-06,0.0015679687499999995,com_3501
1988-12-07,0.0015679687499999995,com_3501
1988-12-08,0.0015679687499999995,com_3501
1988-12-09,0.0015679687499999995,com_3501
1988-12-10,0.0015679687499999995,com_3501
1988-12-11,0.0015679687499999995,com_3501
1988-12-12,0.0015679687499999995,com_3501
1988-12-13,0.001602343750000001,com_3501
1988-12-14,0.0016050625000000008,com_3501
1988-12-15,0.0016050625000000008,com_3501
1988-12-16,0.0016050625000000008,com_3501
1988-12-17,0.0016050625000000008,com_3501
1988-12-18,0.0016050625000000008,com_3501
1988-12-19,0.001618656250000001,com_3501
1988-12-20,0.0016213750000000009,com_3501
1988-12-21,0.0016213750000000009,com_3501
1988-12-22,0.0016268125000000009,com_3501
1988-12-23,0.001629531250000001,com_3501
1988-12-24,0.001629531250000001,com_3501
1988-12-25,0.001629531250000001,com_3501
1988-12-26,0.001629531250000001,com_3501
1988-12-27,0.0016404062500000008,com_3501
1988-12-28,0.0016404062500000008,com_3501
1988-12-29,0.0016404062500000008,com_3501
1988-12-30,0.0016404062500000008,com_3501
1988-12-31,0.0016404062500000008,com_3501
1989-01-01,0.0016404062500000008,com_3501
1989-01-02,0.0016600625000000007,com_3501
1989-01-03,0.0016630937500000007,com_3501
1989-01-04,0.0016661250000000007,com_3501
1989-01-05,0.0016691562500000007,com_3501
1989-01-06,0.0016691562500000007,com_3501
1989-01-07,0.0016691562500000007,com_3501
1989-01-08,0.0016691562500000007,com_3501
1989-01-09,0.0016812812500000007,com_3501
1989-01-10,0.0016812812500000007,com_3501
1989-01-11,0.0016873437500000007,com_3501
1989-01-12,0.0016873437500000007,com_3501
1989-01-13,0.0016873437500000007,com_3501
1989-01-14,0.0016873437500000007,com_3501
1989-01-15,0.0016873437500000007,com_3501
1989-01-16,0.0016873437500000007,com_3501
1989-01-17,0.0017055312500000007,com_3501
1989-01-18,0.0017085625000000007,com_3501
1989-01-19,0.0017085625000000007,com_3501
1989-01-20,0.0017085625000000007,com_3501
1989-01-21,0.0017085625000000007,com_3501
1989-01-22,0.0017085625000000007,com_3501
1989-01-23,0.0017237187500000006,com_3501
1989-01-24,0.0017267500000000009,com_3501
1989-01-25,0.0017297812500000008,com_3501
1989-01-26,0.0017328125000000008,com_3501
1989-01-27,0.0017358437500000008,com_3501
1989-01-28,0.0017358437500000008,com_3501
1989-01-29,0.0017358437500000008,com_3501
1989-01-30,0.0017358437500000008,com_3501
1989-01-31,0.0017358437500000008,com_3501
1989-02-01,0.001773,com_3501
1989-02-02,0.001754,com_3501
1989-02-03,0.0017670000000000001,com_3501
1989-02-04,0.0017670000000000001,com_3501
1989-02-05,0.0017670000000000001,com_3501
1989-02-06,0.0017670000000000001,com_3501
1989-02-07,0.00243,com_3501
1989-02-08,0.0027199999999999998,com_3501
1989-02-09,0.0025,com_3501
1989-02-10,0.0025,com_3501
1989-02-11,0.0025,com_3501
1989-02-12,0.0025,com_3501
1989-02-13,0.0025,com_3501
1989-02-14,0.0025,com_3501
1989-02-15,0.0028699999999999997,com_3501
1989-02-16,0.00265,com_3501
1989-02-17,0.0026100000000000003,com_3501
1989-02-18,0.0026100000000000003,com_3501
1989-02-19,0.0026100000000000003,com_3501
1989-02-20,0.00255,com_3501
1989-02-21,0.0026100000000000003,com_3501
1989-02-22,0.00264,com_3501
1989-02-23,0.00264,com_3501
1989-02-24,0.0027,com_3501
1989-02-25,0.0027,com_3501
1989-02-26,0.0027,com_3501
1989-02-27,0.0027300000000000002,com_3501
1989-02-28,0.0027300000000000002,com_3501
1989-03-01,0.0028899999999999998,com_3501
1989-03-02,0.00313,com_3501
1989-03-03,0.00313,com_3501
1989-03-04,0.00313,com_3501
1989-03-05,0.00313,com_3501
1989-03-06,0.0033200000000000005,com_3501
1989-03-07,0.00364,com_3501
1989-03-08,0.00415,com_3501
1989-03-09,0.00385,com_3501
1989-03-10,0.00386,com_3501
1989-03-11,0.00386,com_3501
1989-03-12,0.00386,com_3501
1989-03-13,0.00386,com_3501
1989-03-14,0.0042,com_3501
1989-03-15,0.0042,com_3501
1989-03-16,0.0043,com_3501
1989-03-17,0.0043,com_3501
1989-03-18,0.0043,com_3501
1989-03-19,0.0043,com_3501
1989-03-20,0.00417,com_3501
1989-03-21,0.00417,com_3501
1989-03-22,0.00415,com_3501
1989-03-23,0.00415,com_3501
1989-03-24,0.00415,com_3501
1989-03-25,0.00415,com_3501
1989-03-26,0.00415,com_3501
1989-03-27,0.00435,com_3501
1989-03-28,0.00426,com_3501
1989-03-29,0.00496,com_3501
1989-03-30,0.00496,com_3501
1989-03-31,0.00485,com_3501
1989-04-01,0.00485,com_3501
1989-04-02,0.00485,com_3501
1989-04-03,0.00485,com_3501
1989-04-04,0.00485,com_3501
1989-04-05,0.00485,com_3501
1989-04-06,0.00485,com_3501
1989-04-07,0.0048,com_3501
1989-04-08,0.0048,com_3501
1989-04-09,0.0048,com_3501
1989-04-10,0.00472,com_3501
1989-04-11,0.00507,com_3501
1989-04-12,0.005555,com_3501
1989-04-13,0.0051,com_3501
1989-04-14,0.0051,com_3501
1989-04-15,0.0051,com_3501
1989-04-16,0.0051,com_3501
1989-04-17,0.00545,com_3501
1989-04-18,0.00645,com_3501
1989-04-19,0.00695,com_3501
1989-04-20,0.0068200000000000005,com_3501
1989-04-21,0.00715,com_3501
1989-04-22,0.00715,com_3501
1989-04-23,0.00715,com_3501
1989-04-24,0.00815,com_3501
1989-04-25,0.0099,com_3501
1989-04-26,0.00835,com_3501
1989-04-27,0.00805,com_3501
1989-04-28,0.00805,com_3501
1989-04-29,0.00805,com_3501
1989-04-30,0.00805,com_3501
1989-05-01,0.00805,com_3501
1989-05-02,0.0075,com_3501
1989-05-03,0.0085,com_3501
1989-05-04,0.0085,com_3501
1989-05-05,0.00835,com_3501
1989-05-06,0.00835,com_3501
1989-05-07,0.00835,com_3501
1989-05-08,0.0103,com_3501
1989-05-09,0.0103,com_3501
1989-05-10,0.0099,com_3501
1989-05-11,0.01,com_3501
1989-05-12,0.0107,com_3501
1989-05-13,0.0107,com_3501
1989-05-14,0.0107,com_3501
1989-05-15,0.0111,com_3501
1989-05-16,0.0117,com_3501
1989-05-17,0.013,com_3501
1989-05-18,0.0165,com_3501
1989-05-19,0.017,com_3501
1989-05-20,0.017,com_3501
1989-05-21,0.017,com_3501
1989-05-22,0.017,com_3501
1989-05-23,0.017,com_3501
1989-05-24,0.017,com_3501
1989-05-25,0.017,com_3501
1989-05-26,0.017,com_3501
1989-05-27,0.017,com_3501
1989-05-28,0.017,com_3501
1989-05-29,0.017,com_3501
1989-05-30,0.019,com_3501
1989-05-31,0.02,com_3501
1989-06-01,0.021,com_3501
1989-06-02,0.026,com_3501
1989-06-03,0.026,com_3501
1989-06-04,0.026,com_3501
1989-06-05,0.028,com_3501
1989-06-06,0.03,com_3501
1989-06-07,0.028,com_3501
1989-06-08,0.032,com_3501
1989-06-09,0.038,com_3501
1989-06-10,0.038,com_3501
1989-06-11,0.038,com_3501
1989-06-12,0.038,com_3501
1989-06-13,0.035,com_3501
1989-06-14,0.035,com_3501
1989-06-15,0.035,com_3501
1989-06-16,0.039,com_3501
1989-06-17,0.039,com_3501
1989-06-18,0.039,com_3501
1989-06-19,0.039,com_3501
1989-06-20,0.041,com_3501
1989-06-21,0.044,com_3501
1989-06-22,0.044,com_3501
1989-06-23,0.045,com_3501
1989-06-24,0.045,com_3501
1989-06-25,0.045,com_3501
1989-06-26,0.05,com_3501
1989-06-27,0.057,com_3501
1989-06-28,0.0595,com_3501
1989-06-29,0.055,com_3501
1989-06-30,0.054,com_3501
1989-07-01,0.054,com_3501
1989-07-02,0.054,com_3501
1989-07-03,0.051,com_3501
1989-07-04,0.055,com_3501
1989-07-05,0.056,com_3501
1989-07-06,0.056,com_3501
1989-07-07,0.055,com_3501
1989-07-08,0.055,com_3501
1989-07-09,0.055,com_3501
1989-07-10,0.061,com_3501
1989-07-11,0.063,com_3501
1989-07-12,0.063,com_3501
1989-07-13,0.06,com_3501
1989-07-14,0.073,com_3501
1989-07-15,0.073,com_3501
1989-07-16,0.073,com_3501
1989-07-17,0.072,com_3501
1989-07-18,0.072,com_3501
1989-07-19,0.0705,com_3501
1989-07-20,0.068,com_3501
1989-07-21,0.067,com_3501
1989-07-22,0.067,com_3501
1989-07-23,0.067,com_3501
1989-07-24,0.0665,com_3501
1989-07-25,0.067,com_3501
1989-07-26,0.0665,com_3501
1989-07-27,0.066,com_3501
1989-07-28,0.0655,com_3501
1989-07-29,0.0655,com_3501
1989-07-30,0.0655,com_3501
1989-07-31,0.0665,com_3501
1989-08-01,0.06550000000000006,com_3501
1989-08-02,0.06550000000000006,com_3501
1989-08-03,0.06550000000000006,com_3501
1989-08-04,0.06550000000000006,com_3501
1989-08-05,0.06550000000000006,com_3501
1989-08-06,0.06550000000000006,com_3501
1989-08-07,0.06550000000000006,com_3501
1989-08-08,0.06550000000000006,com_3501
1989-08-09,0.06550000000000006,com_3501
1989-08-10,0.06550000000000006,com_3501
1989-08-11,0.06550000000000006,com_3501
1989-08-12,0.06550000000000006,com_3501
1989-08-13,0.06550000000000006,com_3501
1989-08-14,0.06550000000000006,com_3501
1989-08-15,0.06550000000000006,com_3501
1989-08-16,0.06550000000000006,com_3501
1989-08-17,0.06550000000000006,com_3501
1989-08-18,0.06550000000000006,com_3501
1989-08-19,0.06550000000000006,com_3501
1989-08-20,0.06550000000000006,com_3501
1989-08-21,0.06550000000000006,com_3501
1989-08-22,0.06550000000000006,com_3501
1989-08-23,0.06550000000000006,com_3501
1989-08-24,0.06550000000000006,com_3501
1989-08-25,0.06550000000000006,com_3501
1989-08-26,0.06550000000000006,com_3501
1989-08-27,0.06550000000000006,com_3501
1989-08-28,0.06550000000000006,com_3501
1989-08-29,0.06550000000000006,com_3501
1989-08-30,0.06550000000000006,com_3501
1989-08-31,0.06550000000000006,com_3501
1989-09-01,0.06550000000000006,com_3501
1989-09-02,0.06550000000000006,com_3501
1989-09-03,0.06550000000000006,com_3501
1989-09-04,0.06550000000000006,com_3501
1989-09-05,0.06550000000000006,com_3501
1989-09-06,0.06550000000000006,com_3501
1989-09-07,0.06550000000000006,com_3501
1989-09-08,0.06550000000000006,com_3501
1989-09-09,0.06550000000000006,com_3501
1989-09-10,0.06550000000000006,com_3501
1989-09-11,0.06550000000000006,com_3501
1989-09-12,0.06550000000000006,com_3501
1989-09-13,0.06550000000000006,com_3501
1989-09-14,0.06550000000000006,com_3501
1989-09-15,0.06550000000000006,com_3501
1989-09-16,0.06550000000000006,com_3501
1989-09-17,0.06550000000000006,com_3501
1989-09-18,0.06550000000000006,com_3501
1989-09-19,0.06550000000000006,com_3501
1989-09-20,0.06550000000000006,com_3501
1989-09-21,0.06550000000000006,com_3501
1989-09-22,0.06550000000000006,com_3501
1989-09-23,0.06550000000000006,com_3501
1989-09-24,0.06550000000000006,com_3501
1989-09-25,0.06550000000000006,com_3501
1989-09-26,0.06550000000000006,com_3501
1989-09-27,0.06550000000000006,com_3501
1989-09-28,0.06550000000000006,com_3501
1989-09-29,0.06550000000000006,com_3501
1989-09-30,0.06550000000000006,com_3501
1989-10-01,0.06550000000000006,com_3501
1989-10-02,0.06550000000000006,com_3501
1989-10-03,0.06550000000000006,com_3501
1989-10-04,0.06550000000000006,com_3501
1989-10-05,0.06550000000000006,com_3501
1989-10-06,0.06550000000000006,com_3501
1989-10-07,0.06550000000000006,com_3501
1989-10-08,0.06550000000000006,com_3501
1989-10-09,0.06550000000000006,com_3501
1989-10-10,0.06550000000000006,com_3501
1989-10-11,0.06550000000000006,com_3501
1989-10-12,0.06550000000000006,com_3501
1989-10-13,0.06550000000000006,com_3501
1989-10-14,0.06550000000000006,com_3501
1989-10-15,0.06550000000000006,com_3501
1989-10-16,0.06550000000000006,com_3501
1989-10-17,0.06550000000000006,com_3501
1989-10-18,0.06550000000000006,com_3501
1989-10-19,0.06550000000000006,com_3501
1989-10-20,0.06550000000000006,com_3501
1989-10-21,0.06550000000000006,com_3501
1989-10-22,0.06550000000000006,com_3501
1989-10-23,0.06550000000000006,com_3501
1989-10-24,0.06550000000000006,com_3501
1989-10-25,0.06550000000000006,com_3501
1989-10-26,0.06550000000000006,com_3501
1989-10-27,0.06550000000000006,com_3501
1989-10-28,0.06550000000000006,com_3501
1989-10-29,0.06550000000000006,com_3501
1989-10-30,0.06550000000000006,com_3501
1989-10-31,0.06550000000000006,com_3501
1989-11-01,0.06550000000000006,com_3501
1989-11-02,0.06550000000000006,com_3501
1989-11-03,0.06550000000000006,com_3501
1989-11-04,0.06550000000000006,com_3501
1989-11-05,0.06550000000000006,com_3501
1989-11-06,0.06550000000000006,com_3501
1989-11-07,0.06550000000000006,com_3501
1989-11-08,0.06550000000000006,com_3501
1989-11-09,0.06550000000000006,com_3501
1989-11-10,0.06550000000000006,com_3501
1989-11-11,0.06550000000000006,com_3501
1989-11-12,0.06550000000000006,com_3501
1989-11-13,0.06550000000000006,com_3501
1989-11-14,0.06550000000000006,com_3501
1989-11-15,0.06550000000000006,com_3501
1989-11-16,0.06550000000000006,com_3501
1989-11-17,0.06550000000000006,com_3501
1989-11-18,0.06550000000000006,com_3501
1989-11-19,0.06550000000000006,com_3501
1989-11-20,0.06550000000000006,com_3501
1989-11-21,0.06550000000000006,com_3501
1989-11-22,0.06550000000000006,com_3501
1989-11-23,0.06550000000000006,com_3501
1989-11-24,0.06550000000000006,com_3501
1989-11-25,0.06550000000000006,com_3501
1989-11-26,0.06550000000000006,com_3501
1989-11-27,0.06550000000000006,com_3501
1989-11-28,0.06550000000000006,com_3501
1989-11-29,0.06550000000000006,com_3501
1989-11-30,0.06550000000000006,com_3501
1989-12-01,0.06907812500000006,com_3501
1989-12-02,0.06907812500000006,com_3501
1989-12-03,0.06907812500000006,com_3501
1989-12-04,0.07981250000000006,com_3501
1989-12-05,0.08339062500000005,com_3501
1989-12-06,0.08696875000000005,com_3501
1989-12-07,0.09054687500000005,com_3501
1989-12-08,0.09054687500000005,com_3501
1989-12-09,0.09054687500000005,com_3501
1989-12-10,0.09054687500000005,com_3501
1989-12-11,0.09054687500000005,com_3501
1989-12-12,0.10843750000000005,com_3501
1989-12-13,0.1335,com_3501
1989-12-14,0.1555,com_3501
1989-12-15,0.1555,com_3501
1989-12-16,0.1555,com_3501
1989-12-17,0.1555,com_3501
1989-12-18,0.1555,com_3501
1989-12-19,0.1555,com_3501
1989-12-20,0.133,com_3501
1989-12-21,0.1245,com_3501
1989-12-22,0.129,com_3501
1989-12-23,0.129,com_3501
1989-12-24,0.129,com_3501
1989-12-25,0.129,com_3501
1989-12-26,0.129,com_3501
1989-12-27,0.19,com_3501
1989-12-28,0.18,com_3501
1989-12-29,0.18,com_3501
1989-12-30,0.18,com_3501
1989-12-31,0.18,com_3501
1990-01-01,0.18,com_3501
1990-01-02,0.18,com_3501
1990-01-03,0.18,com_3501
1990-01-04,0.18,com_3501
1990-01-05,0.18,com_3501
1990-01-06,0.18,com_3501
1990-01-07,0.18,com_3501
1990-01-08,0.158,com_3501
1990-01-09,0.153,com_3501
1990-01-10,0.149,com_3501
1990-01-11,0.149,com_3501
1990-01-12,0.158,com_3501
1990-01-13,0.158,com_3501
1990-01-14,0.158,com_3501
1990-01-15,0.158,com_3501
1990-01-16,0.162,com_3501
1990-01-17,0.1725,com_3501
1990-01-18,0.183,com_3501
1990-01-19,0.18100000000000002,com_3501
1990-01-20,0.18100000000000002,com_3501
1990-01-21,0.18100000000000002,com_3501
1990-01-22,0.18,com_3501
1990-01-23,0.177,com_3501
1990-01-24,0.17800000000000002,com_3501
1990-01-25,0.182,com_3501
1990-01-26,0.18600000000000003,com_3501
1990-01-27,0.18600000000000003,com_3501
1990-01-28,0.18600000000000003,com_3501
1990-01-29,0.191,com_3501
1990-01-30,0.188,com_3501
1990-01-31,0.187,com_3501
1990-02-01,0.1905,com_3501
1990-02-02,0.2025,com_3501
1990-02-03,0.2025,com_3501
1990-02-04,0.2025,com_3501
1990-02-05,0.212,com_3501
1990-02-06,0.24350000000000002,com_3501
1990-02-07,0.304,com_3501
1990-02-08,0.305,com_3501
1990-02-09,0.28800000000000003,com_3501
1990-02-10,0.28800000000000003,com_3501
1990-02-11,0.28800000000000003,com_3501
1990-02-12,0.285,com_3501
1990-02-13,0.309,com_3501
1990-02-14,0.315,com_3501
1990-02-15,0.35100000000000003,com_3501
1990-02-16,0.423,com_3501
1990-02-17,0.423,com_3501
1990-02-18,0.423,com_3501
1990-02-19,0.449,com_3501
1990-02-20,0.425,com_3501
1990-02-21,0.42,com_3501
1990-02-22,0.45299999999999996,com_3501
1990-02-23,0.512,com_3501
1990-02-24,0.512,com_3501
1990-02-25,0.512,com_3501
1990-02-26,0.524,com_3501
1990-02-27,0.5770000000000001,com_3501
1990-02-28,0.597,com_3501
1990-03-01,0.5429999999999999,com_3501
1990-03-02,0.52,com_3501
1990-03-03,0.52,com_3501
1990-03-04,0.52,com_3501
1990-03-05,0.52,com_3501
1990-03-06,0.49,com_3501
1990-03-07,0.47600000000000003,com_3501
1990-03-08,0.47600000000000003,com_3501
1990-03-09,0.47100000000000003,com_3501
1990-03-10,0.47100000000000003,com_3501
1990-03-11,0.47100000000000003,com_3501
1990-03-12,0.47100000000000003,com_3501
1990-03-13,0.466,com_3501
1990-03-14,0.47100000000000003,com_3501
1990-03-15,0.503,com_3501
1990-03-16,0.47100000000000003,com_3501
1990-03-17,0.47100000000000003,com_3501
1990-03-18,0.47100000000000003,com_3501
1990-03-19,0.475,com_3501
1990-03-20,0.475,com_3501
1990-03-21,0.465,com_3501
1990-03-22,0.45,com_3501
1990-03-23,0.456,com_3501
1990-03-24,0.456,com_3501
1990-03-25,0.456,com_3501
1990-03-26,0.466,com_3501
1990-03-27,0.466,com_3501
1990-03-28,0.466,com_3501
1990-03-29,0.466,com_3501
1990-03-30,0.466,com_3501
1990-03-31,0.466,com_3501
1990-04-01,0.466,com_3501
1990-04-02,0.466,com_3501
1990-04-03,0.466,com_3501
1990-04-04,0.48100000000000004,com_3501
1990-04-05,0.48100000000000004,com_3501
1990-04-06,0.48100000000000004,com_3501
1990-04-07,0.48100000000000004,com_3501
1990-04-08,0.48100000000000004,com_3501
1990-04-09,0.491,com_3501
1990-04-10,0.511,com_3501
1990-04-11,0.516,com_3501
1990-04-12,0.516,com_3501
1990-04-13,0.516,com_3501
1990-04-14,0.516,com_3501
1990-04-15,0.516,com_3501
1990-04-16,0.519,com_3501
1990-04-17,0.504,com_3501
1990-04-18,0.501,com_3501
1990-04-19,0.5,com_3501
1990-04-20,0.502,com_3501
1990-04-21,0.502,com_3501
1990-04-22,0.502,com_3501
1990-04-23,0.502,com_3501
1990-04-24,0.501,com_3501
1990-04-25,0.502,com_3501
1990-04-26,0.501,com_3501
1990-04-27,0.501,com_3501
1990-04-28,0.501,com_3501
1990-04-29,0.501,com_3501
1990-04-30,0.501,com_3501
1990-05-01,0.501,com_3501
1990-05-02,0.48700000000000004,com_3501
1990-05-03,0.47600000000000003,com_3501
1990-05-04,0.47100000000000003,com_3501
1990-05-05,0.47100000000000003,com_3501
1990-05-06,0.47100000000000003,com_3501
1990-05-07,0.4715,com_3501
1990-05-08,0.47600000000000003,com_3501
1990-05-09,0.48200000000000004,com_3501
1990-05-10,0.49200000000000005,com_3501
1990-05-11,0.502,com_3501
1990-05-12,0.502,com_3501
1990-05-13,0.502,com_3501
1990-05-14,0.512,com_3501
1990-05-15,0.5215,com_3501
1990-05-16,0.522,com_3501
1990-05-17,0.522,com_3501
1990-05-18,0.52,com_3501
1990-05-19,0.52,com_3501
1990-05-20,0.52,com_3501
1990-05-21,0.517,com_3501
1990-05-22,0.511,com_3501
1990-05-23,0.5055,com_3501
1990-05-24,0.5055,com_3501
1990-05-25,0.5055,com_3501
1990-05-26,0.5055,com_3501
1990-05-27,0.5055,com_3501
1990-05-28,0.504,com_3501
1990-05-29,0.502,com_3501
1990-05-30,0.501,com_3501
1990-05-31,0.501,com_3501
1990-06-01,0.501,com_3501
1990-06-02,0.501,com_3501
1990-06-03,0.501,com_3501
1990-06-04,0.499,com_3501
1990-06-05,0.499,com_3501
1990-06-06,0.499,com_3501
1990-06-07,0.499,com_3501
1990-06-08,0.499,com_3501
1990-06-09,0.499,com_3501
1990-06-10,0.499,com_3501
1990-06-11,0.529,com_3501
1990-06-12,0.5760000000000001,com_3501
1990-06-13,0.575,com_3501
1990-06-14,0.5589999999999999,com_3501
1990-06-15,0.541,com_3501
1990-06-16,0.541,com_3501
1990-06-17,0.541,com_3501
1990-06-18,0.541,com_3501
1990-06-19,0.536,com_3501
1990-06-20,0.531,com_3501
1990-06-21,0.526,com_3501
1990-06-22,0.529,com_3501
1990-06-23,0.529,com_3501
1990-06-24,0.529,com_3501
1990-06-25,0.529,com_3501
1990-06-26,0.53,com_3501
1990-06-27,0.531,com_3501
1990-06-28,0.529,com_3501
1990-06-29,0.527,com_3501
1990-06-30,0.527,com_3501
1990-07-01,0.527,com_3501
1990-07-02,0.5285,com_3501
1990-07-03,0.5275,com_3501
1990-07-04,0.529,com_3501
1990-07-05,0.527,com_3501
1990-07-06,0.52,com_3501
1990-07-07,0.52,com_3501
1990-07-08,0.52,com_3501
1990-07-09,0.52,com_3501
1990-07-10,0.5225,com_3501
1990-07-11,0.5205,com_3501
1990-07-12,0.521,com_3501
1990-07-13,0.521,com_3501
1990-07-14,0.521,com_3501
1990-07-15,0.521,com_3501
1990-07-16,0.519,com_3501
1990-07-17,0.519,com_3501
1990-07-18,0.519,com_3501
1990-07-19,0.519,com_3501
1990-07-20,0.5235,com_3501
1990-07-21,0.5235,com_3501
1990-07-22,0.5235,com_3501
1990-07-23,0.541,com_3501
1990-07-24,0.56,com_3501
1990-07-25,0.56,com_3501
1990-07-26,0.56,com_3501
1990-07-27,0.56,com_3501
1990-07-28,0.56,com_3501
1990-07-29,0.56,com_3501
1990-07-30,0.55,com_3501
1990-07-31,0.545,com_3501
1990-08-01,0.544,com_3501
1990-08-02,0.5579999999999999,com_3501
1990-08-03,0.557,com_3501
1990-08-04,0.557,com_3501
1990-08-05,0.557,com_3501
1990-08-06,0.557,com_3501
1990-08-07,0.5625,com_3501
1990-08-08,0.578,com_3501
1990-08-09,0.585,com_3501
1990-08-10,0.579,com_3501
1990-08-11,0.579,com_3501
1990-08-12,0.579,com_3501
1990-08-13,0.6025,com_3501
1990-08-14,0.624,com_3501
1990-08-15,0.615,com_3501
1990-08-16,0.61,com_3501
1990-08-17,0.6125,com_3501
1990-08-18,0.6125,com_3501
1990-08-19,0.6125,com_3501
1990-08-20,0.6125,com_3501
1990-08-21,0.6135,com_3501
1990-08-22,0.624,com_3501
1990-08-23,0.64,com_3501
1990-08-24,0.626,com_3501
1990-08-25,0.626,com_3501
1990-08-26,0.626,com_3501
1990-08-27,0.63,com_3501
1990-08-28,0.6425,com_3501
1990-08-29,0.6495000000000001,com_3501
1990-08-30,0.633,com_3501
1990-08-31,0.62,com_3501
1990-09-01,0.62,com_3501
1990-09-02,0.62,com_3501
1990-09-03,0.5870000000000001,com_3501
1990-09-04,0.5915,com_3501
1990-09-05,0.591,com_3501
1990-09-06,0.5815,com_3501
1990-09-07,0.5770000000000001,com_3501
1990-09-08,0.5770000000000001,com_3501
1990-09-09,0.5770000000000001,com_3501
1990-09-10,0.5875,com_3501
1990-09-11,0.601,com_3501
1990-09-12,0.596,com_3501
1990-09-13,0.586,com_3501
1990-09-14,0.5865,com_3501
1990-09-15,0.5865,com_3501
1990-09-16,0.5865,com_3501
1990-09-17,0.584,com_3501
1990-09-18,0.5820000000000001,com_3501
1990-09-19,0.585,com_3501
1990-09-20,0.581,com_3501
1990-09-21,0.575,com_3501
1990-09-22,0.575,com_3501
1990-09-23,0.575,com_3501
1990-09-24,0.575,com_3501
1990-09-25,0.5635,com_3501
1990-09-26,0.5615,com_3501
1990-09-27,0.5575,com_3501
1990-09-28,0.5615,com_3501
1990-09-29,0.5615,com_3501
1990-09-30,0.5615,com_3501
1990-10-01,0.565,com_3501
1990-10-02,0.564,com_3501
1990-10-03,0.5515,com_3501
1990-10-04,0.546,com_3501
1990-10-05,0.5475,com_3501
1990-10-06,0.5475,com_3501
1990-10-07,0.5475,com_3501
1990-10-08,0.5760000000000001,com_3501
1990-10-09,0.586,com_3501
1990-10-10,0.5660000000000001,com_3501
1990-10-11,0.5575,com_3501
1990-10-12,0.557,com_3501
1990-10-13,0.557,com_3501
1990-10-14,0.557,com_3501
1990-10-15,0.557,com_3501
1990-10-16,0.5539999999999999,com_3501
1990-10-17,0.551,com_3501
1990-10-18,0.541,com_3501
1990-10-19,0.5465,com_3501
1990-10-20,0.5465,com_3501
1990-10-21,0.5465,com_3501
1990-10-22,0.552,com_3501
1990-10-23,0.5645,com_3501
1990-10-24,0.574,com_3501
1990-10-25,0.5635,com_3501
1990-10-26,0.562,com_3501
1990-10-27,0.562,com_3501
1990-10-28,0.562,com_3501
1990-10-29,0.5579999999999999,com_3501
1990-10-30,0.5545,com_3501
1990-10-31,0.557,com_3501
1990-11-01,0.5529999999999999,com_3501
1990-11-02,0.546,com_3501
1990-11-03,0.546,com_3501
1990-11-04,0.546,com_3501
1990-11-05,0.5335,com_3501
1990-11-06,0.5335,com_3501
1990-11-07,0.526,com_3501
1990-11-08,0.534,com_3501
1990-11-09,0.542,com_3501
1990-11-10,0.542,com_3501
1990-11-11,0.542,com_3501
1990-11-12,0.5405,com_3501
1990-11-13,0.5379999999999999,com_3501
1990-11-14,0.5355,com_3501
1990-11-15,0.5295000000000001,com_3501
1990-11-16,0.526,com_3501
1990-11-17,0.526,com_3501
1990-11-18,0.526,com_3501
1990-11-19,0.5235,com_3501
1990-11-20,0.5205,com_3501
1990-11-21,0.5235,com_3501
1990-11-22,0.5275,com_3501
1990-11-23,0.521,com_3501
1990-11-24,0.521,com_3501
1990-11-25,0.521,com_3501
1990-11-26,0.52,com_3501
1990-11-27,0.5205,com_3501
1990-11-28,0.516,com_3501
1990-11-29,0.508,com_3501
1990-11-30,0.513,com_3501
1990-12-01,0.513,com_3501
1990-12-02,0.513,com_3501
1990-12-03,0.513,com_3501
1990-12-04,0.5005,com_3501
1990-12-05,0.4965,com_3501
1990-12-06,0.49700000000000005,com_3501
1990-12-07,0.501,com_3501
1990-12-08,0.501,com_3501
1990-12-09,0.501,com_3501
1990-12-10,0.5045000000000001,com_3501
1990-12-11,0.503,com_3501
1990-12-12,0.502,com_3501
1990-12-13,0.5015,com_3501
1990-12-14,0.5,com_3501
1990-12-15,0.5,com_3501
1990-12-16,0.5,com_3501
1990-12-17,0.501,com_3501
1990-12-18,0.4986,com_3501
1990-12-19,0.4985,com_3501
1990-12-20,0.498,com_3501
1990-12-21,0.5035000000000001,com_3501
1990-12-22,0.5035000000000001,com_3501
1990-12-23,0.5035000000000001,com_3501
1990-12-24,0.52,com_3501
1990-12-25,0.52,com_3501
1990-12-26,0.5579999999999999,com_3501
1990-12-27,0.557,com_3501
1990-12-28,0.5589999999999999,com_3501
1990-12-29,0.5589999999999999,com_3501
1990-12-30,0.5589999999999999,com_3501
1990-12-31,0.5589999999999999,com_3501
1991-01-01,0.5589999999999999,com_3501
1991-01-02,0.5875,com_3501
1991-01-03,0.585,com_3501
1991-01-04,0.585,com_3501
1991-01-05,0.585,com_3501
1991-01-06,0.585,com_3501
1991-01-07,0.563,com_3501
1991-01-08,0.5710000000000001,com_3501
1991-01-09,0.588,com_3501
1991-01-10,0.5945,com_3501
1991-01-11,0.5925,com_3501
1991-01-12,0.5925,com_3501
1991-01-13,0.5925,com_3501
1991-01-14,0.624,com_3501
1991-01-15,0.613,com_3501
1991-01-16,0.62,com_3501
1991-01-17,0.627,com_3501
1991-01-18,0.615,com_3501
1991-01-19,0.615,com_3501
1991-01-20,0.615,com_3501
1991-01-21,0.6104999999999999,com_3501
1991-01-22,0.61,com_3501
1991-01-23,0.639,com_3501
1991-01-24,0.662,com_3501
1991-01-25,0.7,com_3501
1991-01-26,0.7,com_3501
1991-01-27,0.7,com_3501
1991-01-28,0.746,com_3501
1991-01-29,0.746,com_3501
1991-01-30,0.9570000000000001,com_3501
1991-01-31,0.943,com_3501
1991-02-01,0.9440000000000001,com_3501
1991-02-02,0.9440000000000001,com_3501
1991-02-03,0.9440000000000001,com_3501
1991-02-04,0.912,com_3501
1991-02-05,0.902,com_3501
1991-02-06,0.902,com_3501
1991-02-07,0.902,com_3501
1991-02-08,0.902,com_3501
1991-02-09,0.902,com_3501
1991-02-10,0.902,com_3501
1991-02-11,0.9470000000000001,com_3501
1991-02-12,0.94,com_3501
1991-02-13,0.935,com_3501
1991-02-14,0.9670000000000001,com_3501
1991-02-15,0.95,com_3501
1991-02-16,0.95,com_3501
1991-02-17,0.95,com_3501
1991-02-18,0.9470000000000001,com_3501
1991-02-19,0.9359999999999999,com_3501
1991-02-20,0.94,com_3501
1991-02-21,0.9395,com_3501
1991-02-22,0.935,com_3501
1991-02-23,0.935,com_3501
1991-02-24,0.935,com_3501
1991-02-25,0.938,com_3501
1991-02-26,0.9570000000000001,com_3501
1991-02-27,0.9790000000000001,com_3501
1991-02-28,0.9990000000000001,com_3501
1991-03-01,1.001,com_3501
1991-03-02,1.001,com_3501
1991-03-03,1.001,com_3501
1991-03-04,0.932,com_3501
1991-03-05,0.93,com_3501
1991-03-06,0.93,com_3501
1991-03-07,0.93,com_3501
1991-03-08,0.93,com_3501
1991-03-09,0.93,com_3501
1991-03-10,0.93,com_3501
1991-03-11,0.9315000000000001,com_3501
1991-03-12,0.9375,com_3501
1991-03-13,0.941,com_3501
1991-03-14,0.9420000000000001,com_3501
1991-03-15,0.9440000000000001,com_3501
1991-03-16,0.9440000000000001,com_3501
1991-03-17,0.9440000000000001,com_3501
1991-03-18,0.961,com_3501
1991-03-19,0.951,com_3501
1991-03-20,0.9520000000000001,com_3501
1991-03-21,0.9534999999999999,com_3501
1991-03-22,0.9575,com_3501
1991-03-23,0.9575,com_3501
1991-03-24,0.9575,com_3501
1991-03-25,0.96,com_3501
1991-03-26,0.9620000000000001,com_3501
1991-03-27,0.9634999999999999,com_3501
1991-03-28,0.9634999999999999,com_3501
1991-03-29,0.9634999999999999,com_3501
1991-03-30,0.9634999999999999,com_3501
1991-03-31,0.9634999999999999,com_3501
1991-04-01,0.9715,com_3501
1991-04-02,0.972,com_3501
1991-04-03,0.9754999999999999,com_3501
1991-04-04,0.9734999999999999,com_3501
1991-04-05,0.9725,com_3501
1991-04-06,0.9725,com_3501
1991-04-07,0.9725,com_3501
1991-04-08,0.9734999999999999,com_3501
1991-04-09,0.9740000000000001,com_3501
1991-04-10,0.9740000000000001,com_3501
1991-04-11,0.9738,com_3501
1991-04-12,0.9740000000000001,com_3501
1991-04-13,0.9740000000000001,com_3501
1991-04-14,0.9740000000000001,com_3501
1991-04-15,0.975,com_3501
1991-04-16,0.9762000000000001,com_3501
1991-04-17,0.978,com_3501
1991-04-18,0.9825,com_3501
1991-04-19,0.987,com_3501
1991-04-20,0.987,com_3501
1991-04-21,0.987,com_3501
1991-04-22,0.981,com_3501
1991-04-23,0.9854,com_3501
1991-04-24,0.9904999999999999,com_3501
1991-04-25,0.9945,com_3501
1991-04-26,0.9883,com_3501
1991-04-27,0.9883,com_3501
1991-04-28,0.9883,com_3501
1991-04-29,0.9904999999999999,com_3501
1991-04-30,0.981,com_3501
1991-05-01,0.981,com_3501
1991-05-02,0.983,com_3501
1991-05-03,0.981,com_3501
1991-05-04,0.981,com_3501
1991-05-05,0.981,com_3501
1991-05-06,0.982,com_3501
1991-05-07,0.9823000000000001,com_3501
1991-05-08,0.9826,com_3501
1991-05-09,0.983,com_3501
1991-05-10,0.9833,com_3501
1991-05-11,0.9833,com_3501
1991-05-12,0.9833,com_3501
1991-05-13,0.9845,com_3501
1991-05-14,0.9854999999999999,com_3501
1991-05-15,0.9854999999999999,com_3501
1991-05-16,0.9854999999999999,com_3501
1991-05-17,0.9856999999999999,com_3501
1991-05-18,0.9856999999999999,com_3501
1991-05-19,0.9856999999999999,com_3501
1991-05-20,0.987,com_3501
1991-05-21,0.987,com_3501
1991-05-22,0.9878,com_3501
1991-05-23,0.9895,com_3501
1991-05-24,0.993,com_3501
1991-05-25,0.993,com_3501
1991-05-26,0.993,com_3501
1991-05-27,0.9925,com_3501
1991-05-28,0.9943000000000001,com_3501
1991-05-29,0.9937,com_3501
1991-05-30,0.9925,com_3501
1991-05-31,0.991,com_3501
1991-06-01,0.991,com_3501
1991-06-02,0.991,com_3501
1991-06-03,0.9908,com_3501
1991-06-04,0.991,com_3501
1991-06-05,0.991,com_3501
1991-06-06,0.9908,com_3501
1991-06-07,0.9908,com_3501
1991-06-08,0.9908,com_3501
1991-06-09,0.9908,com_3501
1991-06-10,0.9908,com_3501
1991-06-11,0.991,com_3501
1991-06-12,0.9934999999999999,com_3501
1991-06-13,0.9940000000000001,com_3501
1991-06-14,0.991,com_3501
1991-06-15,0.991,com_3501
1991-06-16,0.991,com_3501
1991-06-17,0.991,com_3501
1991-06-18,0.9937,com_3501
1991-06-19,0.9945,com_3501
1991-06-20,0.997,com_3501
1991-06-21,0.9976999999999999,com_3501
1991-06-22,0.9976999999999999,com_3501
1991-06-23,0.9976999999999999,com_3501
1991-06-24,0.9976999999999999,com_3501
1991-06-25,0.9984999999999999,com_3501
1991-06-26,0.9998,com_3501
1991-06-27,0.9975,com_3501
1991-06-28,0.9975,com_3501
1991-06-29,0.9975,com_3501
1991-06-30,0.9975,com_3501
1991-07-01,0.9918,com_3501
1991-07-02,0.991,com_3501
1991-07-03,0.991,com_3501
1991-07-04,0.991,com_3501
1991-07-05,0.991,com_3501
1991-07-06,0.991,com_3501
1991-07-07,0.991,com_3501
1991-07-08,0.991,com_3501
1991-07-09,0.991,com_3501
1991-07-10,0.992,com_3501
1991-07-11,0.9934999999999999,com_3501
1991-07-12,0.991,com_3501
1991-07-13,0.991,com_3501
1991-07-14,0.991,com_3501
1991-07-15,0.991,com_3501
1991-07-16,0.991,com_3501
1991-07-17,0.9934999999999999,com_3501
1991-07-18,0.9990000000000001,com_3501
1991-07-19,0.9958,com_3501
1991-07-20,0.9958,com_3501
1991-07-21,0.9958,com_3501
1991-07-22,0.997,com_3501
1991-07-23,0.998,com_3501
1991-07-24,0.9982,com_3501
1991-07-25,0.998,com_3501
1991-07-26,0.997,com_3501
1991-07-27,0.997,com_3501
1991-07-28,0.997,com_3501
1991-07-29,0.993,com_3501
1991-07-30,0.9954999999999999,com_3501
1991-07-31,0.996,com_3501
1991-08-01,0.9945,com_3501
1991-08-02,0.9937,com_3501
1991-08-03,0.9937,com_3501
1991-08-04,0.9937,com_3501
1991-08-05,0.9915,com_3501
1991-08-06,0.991,com_3501
1991-08-07,0.991,com_3501
1991-08-08,0.991,com_3501
1991-08-09,0.991,com_3501
1991-08-10,0.991,com_3501
1991-08-11,0.991,com_3501
1991-08-12,0.991,com_3501
1991-08-13,0.992,com_3501
1991-08-14,0.992,com_3501
1991-08-15,0.995,com_3501
1991-08-16,0.995,com_3501
1991-08-17,0.995,com_3501
1991-08-18,0.995,com_3501
1991-08-19,0.997,com_3501
1991-08-20,0.996,com_3501
1991-08-21,0.9954999999999999,com_3501
1991-08-22,0.9954999999999999,com_3501
1991-08-23,0.9954999999999999,com_3501
1991-08-24,0.9954999999999999,com_3501
1991-08-25,0.9954999999999999,com_3501
1991-08-26,0.9984999999999999,com_3501
1991-08-27,0.9965,com_3501
1991-08-28,0.9945,com_3501
1991-08-29,0.9940000000000001,com_3501
1991-08-30,0.9965,com_3501
1991-08-31,0.9965,com_3501
1991-09-01,0.9965,com_3501
1991-09-02,0.9925,com_3501
1991-09-03,0.9915,com_3501
1991-09-04,0.992,com_3501
1991-09-05,0.9934999999999999,com_3501
1991-09-06,0.9926999999999999,com_3501
1991-09-07,0.9926999999999999,com_3501
1991-09-08,0.9926999999999999,com_3501
1991-09-09,0.991,com_3501
1991-09-10,0.9915,com_3501
1991-09-11,0.993,com_3501
1991-09-12,0.9940000000000001,com_3501
1991-09-13,0.991,com_3501
1991-09-14,0.991,com_3501
1991-09-15,0.991,com_3501
1991-09-16,0.991,com_3501
1991-09-17,0.991,com_3501
1991-09-18,0.991,com_3501
1991-09-19,0.991,com_3501
1991-09-20,0.991,com_3501
1991-09-21,0.991,com_3501
1991-09-22,0.991,com_3501
1991-09-23,0.991,com_3501
1991-09-24,0.991,com_3501
1991-09-25,0.991,com_3501
1991-09-26,0.991,com_3501
1991-09-27,0.991,com_3501
1991-09-28,0.991,com_3501
1991-09-29,0.991,com_3501
1991-09-30,0.991,com_3501
1991-10-01,0.991,com_3501
1991-10-02,0.9909999999999998,com_3501
1991-10-03,0.9909999999999998,com_3501
1991-10-04,0.9909999999999998,com_3501
1991-10-05,0.9909999999999998,com_3501
1991-10-06,0.9909999999999998,com_3501
1991-10-07,0.9909999999999998,com_3501
1991-10-08,0.9909999999999998,com_3501
1991-10-09,0.9909999999999998,com_3501
1991-10-10,0.9909999999999998,com_3501
1991-10-11,0.9909999999999998,com_3501
1991-10-12,0.9909999999999998,com_3501
1991-10-13,0.9909999999999998,com_3501
1991-10-14,0.9909999999999998,com_3501
1991-10-15,0.9909999999999998,com_3501
1991-10-16,0.9909999999999998,com_3501
1991-10-17,0.9909999999999998,com_3501
1991-10-18,0.9909999999999998,com_3501
1991-10-19,0.9909999999999998,com_3501
1991-10-20,0.9909999999999998,com_3501
1991-10-21,0.9909999999999998,com_3501
1991-10-22,0.9909999999999998,com_3501
1991-10-23,0.9909999999999998,com_3501
1991-10-24,0.9909999999999998,com_3501
1991-10-25,0.9909999999999998,com_3501
1991-10-26,0.9909999999999998,com_3501
1991-10-27,0.9909999999999998,com_3501
1991-10-28,0.9909999999999998,com_3501
1991-10-29,0.9909999999999998,com_3501
1991-10-30,0.9909999999999998,com_3501
1991-10-31,0.9909999999999998,com_3501
1991-11-01,0.9909999999999998,com_3501
1991-11-02,0.9909999999999998,com_3501
1991-11-03,0.9909999999999998,com_3501
1991-11-04,0.9909999999999998,com_3501
1991-11-05,0.9909999999999998,com_3501
1991-11-06,0.9909999999999998,com_3501
1991-11-07,0.9909999999999998,com_3501
1991-11-08,0.9909999999999998,com_3501
1991-11-09,0.9909999999999998,com_3501
1991-11-10,0.9909999999999998,com_3501
1991-11-11,0.9909999999999998,com_3501
1991-11-12,0.9909999999999998,com_3501
1991-11-13,0.9909999999999998,com_3501
1991-11-14,0.9909999999999998,com_3501
1991-11-15,0.9909999999999998,com_3501
1991-11-16,0.9909999999999998,com_3501
1991-11-17,0.9909999999999998,com_3501
1991-11-18,0.9909999999999998,com_3501
1991-11-19,0.9909999999999998,com_3501
1991-11-20,0.9909999999999998,com_3501
1991-11-21,0.9909999999999998,com_3501
1991-11-22,0.9909999999999998,com_3501
1991-11-23,0.9909999999999998,com_3501
1991-11-24,0.9909999999999998,com_3501
1991-11-25,0.9909999999999998,com_3501
1991-11-26,0.9909999999999998,com_3501
1991-11-27,0.9909999999999998,com_3501
1991-11-28,0.9909999999999998,com_3501
1991-11-29,0.9909999999999998,com_3501
1991-11-30,0.9909999999999998,com_3501
1991-12-01,0.9909999999999998,com_3501
1991-12-02,0.9914999999999997,com_3501
1991-12-03,0.9917499999999997,com_3501
1991-12-04,0.9919999999999997,com_3501
1991-12-05,0.9922499999999996,com_3501
1991-12-06,0.9924999999999996,com_3501
1991-12-07,0.9924999999999996,com_3501
1991-12-08,0.9924999999999996,com_3501
1991-12-09,0.9932499999999995,com_3501
1991-12-10,0.9934999999999995,com_3501
1991-12-11,0.9937499999999995,com_3501
1991-12-12,0.9939999999999994,com_3501
1991-12-13,0.9942499999999994,com_3501
1991-12-14,0.9942499999999994,com_3501
1991-12-15,0.9942499999999994,com_3501
1991-12-16,0.9949999999999993,com_3501
1991-12-17,0.9952499999999993,com_3501
1991-12-18,0.9954999999999994,com_3501
1991-12-19,0.9957499999999994,com_3501
1991-12-20,0.9959999999999994,com_3501
1991-12-21,0.9959999999999994,com_3501
1991-12-22,0.9959999999999994,com_3501
1991-12-23,0.9967499999999995,com_3501
1991-12-24,0.9969999999999996,com_3501
1991-12-25,0.9969999999999996,com_3501
1991-12-26,0.9974999999999995,com_3501
1991-12-27,0.9977499999999995,com_3501
1991-12-28,0.9977499999999995,com_3501
1991-12-29,0.9977499999999995,com_3501
1991-12-30,0.9984999999999995,com_3501
1991-12-31,0.9984999999999995,com_3501
1992-01-02,0.991,evolucion_moneda_oficial
1992-01-03,0.991,evolucion_moneda_oficial
1992-01-06,0.991,evolucion_moneda_oficial
1992-01-07,0.991,evolucion_moneda_oficial
1992-01-08,0.991,evolucion_moneda_oficial
1992-01-09,0.991,evolucion_moneda_oficial
1992-01-10,0.991,evolucion_moneda_oficial
1992-01-13,0.9915,evolucion_moneda_oficial
1992-01-14,0.9914,evolucion_moneda_oficial
1992-01-15,0.991,evolucion_moneda_oficial
1992-01-16,0.991,evolucion_moneda_oficial
1992-01-17,0.991,evolucion_moneda_oficial
1992-01-20,0.991,evolucion_moneda_oficial
1992-01-21,0.991,evolucion_moneda_oficial
1992-01-22,0.991,evolucion_moneda_oficial
1992-01-23,0.991,evolucion_moneda_oficial
1992-01-24,0.991,evolucion_moneda_oficial
1992-01-27,0.991,evolucion_moneda_oficial
1992-01-28,0.991,evolucion_moneda_oficial
1992-01-29,0.991,evolucion_moneda_oficial
1992-01-30,0.991,evolucion_moneda_oficial
1992-01-31,0.991,evolucion_moneda_oficial
1992-02-03,0.991,evolucion_moneda_oficial
1992-02-04,0.991,evolucion_moneda_oficial
1992-02-05,0.991,evolucion_moneda_oficial
1992-02-06,0.991,evolucion_moneda_oficial
1992-02-07,0.991,evolucion_moneda_oficial
1992-02-10,0.991,evolucion_moneda_oficial
1992-02-11,0.991,evolucion_moneda_oficial
1992-02-12,0.991,evolucion_moneda_oficial
1992-02-13,0.991,evolucion_moneda_oficial
1992-02-14,0.9912,evolucion_moneda_oficial
1992-02-17,0.9913,evolucion_moneda_oficial
1992-02-18,0.9928,evolucion_moneda_oficial
1992-02-19,0.9915,evolucion_moneda_oficial
1992-02-20,0.991,evolucion_moneda_oficial
1992-02-21,0.991,evolucion_moneda_oficial
1992-02-24,0.991,evolucion_moneda_oficial
1992-02-25,0.9918,evolucion_moneda_oficial
1992-02-26,0.9915,evolucion_moneda_oficial
1992-02-27,0.992,evolucion_moneda_oficial
1992-02-28,0.991,evolucion_moneda_oficial
1992-03-02,0.991,evolucion_moneda_oficial
1992-03-03,0.991,evolucion_moneda_oficial
1992-03-04,0.991,evolucion_moneda_oficial
1992-03-05,0.991,evolucion_moneda_oficial
1992-03-06,0.991,evolucion_moneda_oficial
1992-03-09,0.991,evolucion_moneda_oficial
1992-03-10,0.991,evolucion_moneda_oficial
1992-03-11,0.991,evolucion_moneda_oficial
1992-03-12,0.991,evolucion_moneda_oficial
1992-03-13,0.991,evolucion_moneda_oficial
1992-03-16,0.991,evolucion_moneda_oficial
1992-03-17,0.991,evolucion_moneda_oficial
1992-03-18,0.9914,evolucion_moneda_oficial
1992-03-19,0.9923,evolucion_moneda_oficial
1992-03-20,0.9928,evolucion_moneda_oficial
1992-03-23,0.9934,evolucion_moneda_oficial
1992-03-24,0.9935,evolucion_moneda_oficial
1992-03-25,0.9936,evolucion_moneda_oficial
1992-03-26,0.9955,evolucion_moneda_oficial
1992-03-27,0.9931,evolucion_moneda_oficial
1992-03-30,0.9953,evolucion_moneda_oficial
1992-03-31,0.993,evolucion_moneda_oficial
1992-04-01,0.9918,evolucion_moneda_oficial
1992-04-02,0.9913,evolucion_moneda_oficial
1992-04-03,0.991,evolucion_moneda_oficial
1992-04-06,0.991,evolucion_moneda_oficial
1992-04-07,0.991,evolucion_moneda_oficial
1992-04-08,0.991,evolucion_moneda_oficial
1992-04-09,0.991,evolucion_moneda_oficial
1992-04-10,0.991,evolucion_moneda_oficial
1992-04-13,0.991,evolucion_moneda_oficial
1992-04-14,0.991,evolucion_moneda_oficial
1992-04-15,0.991,evolucion_moneda_oficial
1992-04-20,0.991,evolucion_moneda_oficial
1992-04-21,0.991,evolucion_moneda_oficial
1992-04-22,0.991,evolucion_moneda_oficial
1992-04-23,0.991,evolucion_moneda_oficial
1992-04-24,0.991,evolucion_moneda_oficial
1992-04-27,0.9912,evolucion_moneda_oficial
1992-04-28,0.991,evolucion_moneda_oficial
1992-04-29,0.991,evolucion_moneda_oficial
1992-04-30,0.991,evolucion_moneda_oficial
1992-05-04,0.991,evolucion_moneda_oficial
1992-05-05,0.991,evolucion_moneda_oficial
1992-05-06,0.991,evolucion_moneda_oficial
1992-05-07,0.991,evolucion_moneda_oficial
1992-05-08,0.991,evolucion_moneda_oficial
1992-05-11,0.991,evolucion_moneda_oficial
1992-05-12,0.991,evolucion_moneda_oficial
1992-05-13,0.991,evolucion_moneda_oficial
1992-05-14,0.991,evolucion_moneda_oficial
1992-05-15,0.991,evolucion_moneda_oficial
1992-05-18,0.991,evolucion_moneda_oficial
1992-05-19,0.991,evolucion_moneda_oficial
1992-05-20,0.991,evolucion_moneda_oficial
1992-05-21,0.991,evolucion_moneda_oficial
1992-05-22,0.991,evolucion_moneda_oficial
1992-05-26,0.991,evolucion_moneda_oficial
1992-05-27,0.991,evolucion_moneda_oficial
1992-05-28,0.991,evolucion_moneda_oficial
1992-05-29,0.991,evolucion_moneda_oficial
1992-06-01,0.991,evolucion_moneda_oficial
1992-06-02,0.991,evolucion_moneda_oficial
1992-06-03,0.991,evolucion_moneda_oficial
1992-06-04,0.991,evolucion_moneda_oficial
1992-06-05,0.991,evolucion_moneda_oficial
1992-06-09,0.991,evolucion_moneda_oficial
1992-06-10,0.991,evolucion_moneda_oficial
1992-06-11,0.991,evolucion_moneda_oficial
1992-06-12,0.991,evolucion_moneda_oficial
1992-06-15,0.991,evolucion_moneda_oficial
1992-06-16,0.991,evolucion_moneda_oficial
1992-06-17,0.991,evolucion_moneda_oficial
1992-06-18,0.991,evolucion_moneda_oficial
1992-06-19,0.991,evolucion_moneda_oficial
1992-06-22,0.9924,evolucion_moneda_oficial
1992-06-23,0.9939,evolucion_moneda_oficial
1992-06-24,0.9932,evolucion_moneda_oficial
1992-06-25,0.9912,evolucion_moneda_oficial
1992-06-26,0.991,evolucion_moneda_oficial
1992-06-29,0.991,evolucion_moneda_oficial
1992-06-30,0.991,evolucion_moneda_oficial
1992-07-01,0.991,evolucion_moneda_oficial
1992-07-02,0.991,evolucion_moneda_oficial
1992-07-03,0.991,evolucion_moneda_oficial
1992-07-06,0.991,evolucion_moneda_oficial
1992-07-07,0.991,evolucion_moneda_oficial
1992-07-08,0.991,evolucion_moneda_oficial
1992-07-10,0.991,evolucion_moneda_oficial
1992-07-13,0.991,evolucion_moneda_oficial
1992-07-14,0.991,evolucion_moneda_oficial
1992-07-15,0.991,evolucion_moneda_oficial
1992-07-16,0.991,evolucion_moneda_oficial
1992-07-17,0.991,evolucion_moneda_oficial
1992-07-20,0.991,evolucion_moneda_oficial
1992-07-21,0.991,evolucion_moneda_oficial
1992-07-22,0.991,evolucion_moneda_oficial
1992-07-23,0.991,evolucion_moneda_oficial
1992-07-24,0.991,evolucion_moneda_oficial
1992-07-27,0.991,evolucion_moneda_oficial
1992-07-28,0.991,evolucion_moneda_oficial
1992-07-29,0.991,evolucion_moneda_oficial
1992-07-30,0.9947,evolucion_moneda_oficial
1992-07-31,0.991,evolucion_moneda_oficial
1992-08-03,0.991,evolucion_moneda_oficial
1992-08-04,0.991,evolucion_moneda_oficial
1992-08-05,0.991,evolucion_moneda_oficial
1992-08-06,0.991,evolucion_moneda_oficial
1992-08-07,0.991,evolucion_moneda_oficial
1992-08-10,0.991,evolucion_moneda_oficial
1992-08-11,0.991,evolucion_moneda_oficial
1992-08-12,0.9915,evolucion_moneda_oficial
1992-08-13,0.9913,evolucion_moneda_oficial
1992-08-14,0.991,evolucion_moneda_oficial
1992-08-18,0.9912,evolucion_moneda_oficial
1992-08-19,0.9915,evolucion_moneda_oficial
1992-08-20,0.991,evolucion_moneda_oficial
1992-08-21,0.991,evolucion_moneda_oficial
1992-08-24,0.991,evolucion_moneda_oficial
1992-08-25,0.991,evolucion_moneda_oficial
1992-08-26,0.991,evolucion_moneda_oficial
1992-08-27,0.991,evolucion_moneda_oficial
1992-08-28,0.991,evolucion_moneda_oficial
1992-08-31,0.991,evolucion_moneda_oficial
1992-09-01,0.991,evolucion_moneda_oficial
1992-09-02,0.991,evolucion_moneda_oficial
1992-09-03,0.991,evolucion_moneda_oficial
1992-09-04,0.991,evolucion_moneda_oficial
1992-09-07,0.991,evolucion_moneda_oficial
1992-09-08,0.991,evolucion_moneda_oficial
1992-09-09,0.991,evolucion_moneda_oficial
1992-09-10,0.991,evolucion_moneda_oficial
1992-09-11,0.991,evolucion_moneda_oficial
1992-09-14,0.991,evolucion_moneda_oficial
1992-09-15,0.991,evolucion_moneda_oficial
1992-09-16,0.991,evolucion_moneda_oficial
1992-09-17,0.991,evolucion_moneda_oficial
1992-09-18,0.991,evolucion_moneda_oficial
1992-09-21,0.991,evolucion_moneda_oficial
1992-09-22,0.991,evolucion_moneda_oficial
1992-09-23,0.991,evolucion_moneda_oficial
1992-09-24,0.991,evolucion_moneda_oficial
1992-09-25,0.991,evolucion_moneda_oficial
1992-09-28,0.992,evolucion_moneda_oficial
1992-09-29,0.9929,evolucion_moneda_oficial
1992-09-30,0.9913,evolucion_moneda_oficial
1992-10-01,0.991,evolucion_moneda_oficial
1992-10-02,0.991,evolucion_moneda_oficial
1992-10-05,0.991,evolucion_moneda_oficial
1992-10-06,0.991,evolucion_moneda_oficial
1992-10-07,0.991,evolucion_moneda_oficial
1992-10-08,0.991,evolucion_moneda_oficial
1992-10-09,0.991,evolucion_moneda_oficial
1992-10-13,0.991,evolucion_moneda_oficial
1992-10-14,0.991,evolucion_moneda_oficial
1992-10-15,0.991,evolucion_moneda_oficial
1992-10-16,0.991,evolucion_moneda_oficial
1992-10-19,0.991,evolucion_moneda_oficial
1992-10-20,0.991,evolucion_moneda_oficial
1992-10-21,0.991,evolucion_moneda_oficial
1992-10-22,0.991,evolucion_moneda_oficial
1992-10-23,0.991,evolucion_moneda_oficial
1992-10-26,0.991,evolucion_moneda_oficial
1992-10-27,0.991,evolucion_moneda_oficial
1992-10-28,0.991,evolucion_moneda_oficial
1992-10-29,0.991,evolucion_moneda_oficial
1992-10-30,0.991,evolucion_moneda_oficial
1992-11-02,0.991,evolucion_moneda_oficial
1992-11-03,0.991,evolucion_moneda_oficial
1992-11-04,0.991,evolucion_moneda_oficial
1992-11-05,0.991,evolucion_moneda_oficial
1992-11-06,0.993,evolucion_moneda_oficial
1992-11-09,0.993,evolucion_moneda_oficial
1992-11-10,0.9995,evolucion_moneda_oficial
1992-11-11,1.0,evolucion_moneda_oficial
1992-11-12,1.0,evolucion_moneda_oficial
1992-11-13,1.0,evolucion_moneda_oficial
1992-11-16,0.996,evolucion_moneda_oficial
1992-11-17,0.9919,evolucion_moneda_oficial
1992-11-18,0.991,evolucion_moneda_oficial
1992-11-19,0.991,evolucion_moneda_oficial
1992-11-20,0.9945,evolucion_moneda_oficial
1992-11-23,0.9955,evolucion_moneda_oficial
1992-11-24,0.9965,evolucion_moneda_oficial
1992-11-25,0.9918,evolucion_moneda_oficial
1992-11-26,0.9928,evolucion_moneda_oficial
1992-11-27,0.9916,evolucion_moneda_oficial
1992-11-30,0.992,evolucion_moneda_oficial
1992-12-01,0.991,evolucion_moneda_oficial
1992-12-02,0.991,evolucion_moneda_oficial
1992-12-03,0.991,evolucion_moneda_oficial
1992-12-04,0.991,evolucion_moneda_oficial
1992-12-07,0.991,evolucion_moneda_oficial
1992-12-09,0.991,evolucion_moneda_oficial
1992-12-10,0.991,evolucion_moneda_oficial
1992-12-11,0.991,evolucion_moneda_oficial
1992-12-14,0.991,evolucion_moneda_oficial
1992-12-15,0.991,evolucion_moneda_oficial
1992-12-16,0.991,evolucion_moneda_oficial
1992-12-17,0.991,evolucion_moneda_oficial
1992-12-18,0.991,evolucion_moneda_oficial
1992-12-21,0.991,evolucion_moneda_oficial
1992-12-22,0.991,evolucion_moneda_oficial
1992-12-23,0.991,evolucion_moneda_oficial
1992-12-24,0.991,evolucion_moneda_oficial
1992-12-28,0.995,evolucion_moneda_oficial
1992-12-29,1.0,evolucion_moneda_oficial
1992-12-30,0.999,evolucion_moneda_oficial
1993-01-04,0.999,evolucion_moneda_oficial
1993-01-05,0.9998,evolucion_moneda_oficial
1993-01-06,1.0,evolucion_moneda_oficial
1993-01-07,1.0,evolucion_moneda_oficial
1993-01-08,0.999,evolucion_moneda_oficial
1993-01-11,0.999,evolucion_moneda_oficial
1993-01-12,0.999,evolucion_moneda_oficial
1993-01-13,0.9992,evolucion_moneda_oficial
1993-01-14,0.999,evolucion_moneda_oficial
1993-01-15,0.999,evolucion_moneda_oficial
1993-01-18,0.999,evolucion_moneda_oficial
1993-01-19,0.999,evolucion_moneda_oficial
1993-01-20,0.999,evolucion_moneda_oficial
1993-01-21,1.0,evolucion_moneda_oficial
1993-01-22,1.0,evolucion_moneda_oficial
1993-01-25,1.0,evolucion_moneda_oficial
1993-01-26,1.0,evolucion_moneda_oficial
1993-01-27,1.0,evolucion_moneda_oficial
1993-01-28,1.0,evolucion_moneda_oficial
1993-01-29,0.9998,evolucion_moneda_oficial
1993-02-01,0.9998,evolucion_moneda_oficial
1993-02-02,0.999,evolucion_moneda_oficial
1993-02-03,0.999,evolucion_moneda_oficial
1993-02-04,0.999,evolucion_moneda_oficial
1993-02-05,0.999,evolucion_moneda_oficial
1993-02-08,1.0,evolucion_moneda_oficial
1993-02-09,0.9998,evolucion_moneda_oficial
1993-02-10,0.9995,evolucion_moneda_oficial
1993-02-11,1.0,evolucion_moneda_oficial
1993-02-12,1.0,evolucion_moneda_oficial
1993-02-15,1.0,evolucion_moneda_oficial
1993-02-16,1.0,evolucion_moneda_oficial
1993-02-17,1.0,evolucion_moneda_oficial
1993-02-18,1.0,evolucion_moneda_oficial
1993-02-19,1.0,evolucion_moneda_oficial
1993-02-22,1.0,evolucion_moneda_oficial
1993-02-23,1.0,evolucion_moneda_oficial
1993-02-24,1.0,evolucion_moneda_oficial
1993-02-25,1.0,evolucion_moneda_oficial
1993-02-26,1.0,evolucion_moneda_oficial
1993-03-01,1.0,evolucion_moneda_oficial
1993-03-02,0.999,evolucion_moneda_oficial
1993-03-03,0.999,evolucion_moneda_oficial
1993-03-04,0.999,evolucion_moneda_oficial
1993-03-05,0.999,evolucion_moneda_oficial
1993-03-08,0.999,evolucion_moneda_oficial
1993-03-09,0.999,evolucion_moneda_oficial
1993-03-10,0.9995,evolucion_moneda_oficial
1993-03-11,1.0,evolucion_moneda_oficial
1993-03-12,1.0,evolucion_moneda_oficial
1993-03-15,1.0,evolucion_moneda_oficial
1993-03-16,1.0,evolucion_moneda_oficial
1993-03-17,1.0,evolucion_moneda_oficial
1993-03-18,1.0,evolucion_moneda_oficial
1993-03-19,1.0,evolucion_moneda_oficial
1993-03-22,1.0,evolucion_moneda_oficial
1993-03-23,1.0,evolucion_moneda_oficial
1993-03-24,1.0,evolucion_moneda_oficial
1993-03-25,1.0,evolucion_moneda_oficial
1993-03-26,1.0,evolucion_moneda_oficial
1993-03-29,1.0,evolucion_moneda_oficial
1993-03-30,1.0,evolucion_moneda_oficial
1993-03-31,1.0,evolucion_moneda_oficial
1993-04-01,0.999,evolucion_moneda_oficial
1993-04-02,0.999,evolucion_moneda_oficial
1993-04-05,0.999,evolucion_moneda_oficial
1993-04-06,0.999,evolucion_moneda_oficial
1993-04-07,0.999,evolucion_moneda_oficial
1993-04-12,0.9995,evolucion_moneda_oficial
1993-04-13,1.0,evolucion_moneda_oficial
1993-04-14,1.0,evolucion_moneda_oficial
1993-04-15,0.999,evolucion_moneda_oficial
1993-04-16,0.9997,evolucion_moneda_oficial
1993-04-19,1.0,evolucion_moneda_oficial
1993-04-20,0.9994,evolucion_moneda_oficial
1993-04-21,0.999,evolucion_moneda_oficial
1993-04-22,0.999,evolucion_moneda_oficial
1993-04-23,0.999,evolucion_moneda_oficial
1993-04-26,0.9995,evolucion_moneda_oficial
1993-04-27,0.9996,evolucion_moneda_oficial
1993-04-28,0.9994,evolucion_moneda_oficial
1993-04-29,0.999,evolucion_moneda_oficial
1993-04-30,0.999,evolucion_moneda_oficial
1993-05-03,0.999,evolucion_moneda_oficial
1993-05-04,0.999,evolucion_moneda_oficial
1993-05-05,0.999,evolucion_moneda_oficial
1993-05-06,0.999,evolucion_moneda_oficial
1993-05-07,0.999,evolucion_moneda_oficial
1993-05-10,0.999,evolucion_moneda_oficial
1993-05-11,0.999,evolucion_moneda_oficial
1993-05-12,0.999,evolucion_moneda_oficial
1993-05-13,0.9998,evolucion_moneda_oficial
1993-05-14,0.9995,evolucion_moneda_oficial
1993-05-17,0.9993,evolucion_moneda_oficial
1993-05-18,0.9995,evolucion_moneda_oficial
1993-05-19,1.0,evolucion_moneda_oficial
1993-05-20,1.0,evolucion_moneda_oficial
1993-05-21,1.0,evolucion_moneda_oficial
1993-05-24,1.0,evolucion_moneda_oficial
1993-05-26,1.0,evolucion_moneda_oficial
1993-05-27,1.0,evolucion_moneda_oficial
1993-05-28,0.9997,evolucion_moneda_oficial
1993-05-31,1.0,evolucion_moneda_oficial
1993-06-01,1.0,evolucion_moneda_oficial
1993-06-02,1.0,evolucion_moneda_oficial
1993-06-03,0.9995,evolucion_moneda_oficial
1993-06-04,0.999,evolucion_moneda_oficial
1993-06-07,0.9995,evolucion_moneda_oficial
1993-06-08,0.999,evolucion_moneda_oficial
1993-06-09,0.999,evolucion_moneda_oficial
1993-06-10,0.999,evolucion_moneda_oficial
1993-06-11,0.999,evolucion_moneda_oficial
1993-06-15,0.999,evolucion_moneda_oficial
1993-06-16,0.999,evolucion_moneda_oficial
1993-06-17,0.999,evolucion_moneda_oficial
1993-06-18,0.999,evolucion_moneda_oficial
1993-06-21,0.999,evolucion_moneda_oficial
1993-06-22,0.999,evolucion_moneda_oficial
1993-06-23,0.9994,evolucion_moneda_oficial
1993-06-24,0.9998,evolucion_moneda_oficial
1993-06-25,0.9996,evolucion_moneda_oficial
1993-06-28,1.0,evolucion_moneda_oficial
1993-06-29,0.9996,evolucion_moneda_oficial
1993-06-30,0.999,evolucion_moneda_oficial
1993-07-01,0.999,evolucion_moneda_oficial
1993-07-02,0.999,evolucion_moneda_oficial
1993-07-05,0.9993,evolucion_moneda_oficial
1993-07-06,0.999,evolucion_moneda_oficial
1993-07-07,0.999,evolucion_moneda_oficial
1993-07-08,0.999,evolucion_moneda_oficial
1993-07-12,0.999,evolucion_moneda_oficial
1993-07-13,0.999,evolucion_moneda_oficial
1993-07-14,0.999,evolucion_moneda_oficial
1993-07-15,0.999,evolucion_moneda_oficial
1993-07-16,0.999,evolucion_moneda_oficial
1993-07-19,0.999,evolucion_moneda_oficial
1993-07-20,0.999,evolucion_moneda_oficial
1993-07-21,0.999,evolucion_moneda_oficial
1993-07-22,0.999,evolucion_moneda_oficial
1993-07-23,0.999,evolucion_moneda_oficial
1993-07-26,0.999,evolucion_moneda_oficial
1993-07-27,0.999,evolucion_moneda_oficial
1993-07-28,0.999,evolucion_moneda_oficial
1993-07-29,0.999,evolucion_moneda_oficial
1993-07-30,0.9992,evolucion_moneda_oficial
1993-08-02,0.9993,evolucion_moneda_oficial
1993-08-03,0.999,evolucion_moneda_oficial
1993-08-04,0.9993,evolucion_moneda_oficial
1993-08-05,0.999,evolucion_moneda_oficial
1993-08-06,0.999,evolucion_moneda_oficial
1993-08-09,0.9996,evolucion_moneda_oficial
1993-08-10,1.0,evolucion_moneda_oficial
1993-08-11,0.9996,evolucion_moneda_oficial
1993-08-12,0.999,evolucion_moneda_oficial
1993-08-13,0.999,evolucion_moneda_oficial
1993-08-17,0.999,evolucion_moneda_oficial
1993-08-18,0.9992,evolucion_moneda_oficial
1993-08-19,0.9995,evolucion_moneda_oficial
1993-08-20,1.0,evolucion_moneda_oficial
1993-08-23,1.0,evolucion_moneda_oficial
1993-08-24,1.0,evolucion_moneda_oficial
1993-08-25,1.0,evolucion_moneda_oficial
1993-08-26,1.0,evolucion_moneda_oficial
1993-08-27,1.0,evolucion_moneda_oficial
1993-08-30,1.0,evolucion_moneda_oficial
1993-08-31,1.0,evolucion_moneda_oficial
1993-09-01,1.0,evolucion_moneda_oficial
1993-09-02,1.0,evolucion_moneda_oficial
1993-09-03,1.0,evolucion_moneda_oficial
1993-09-06,1.0,evolucion_moneda_oficial
1993-09-07,1.0,evolucion_moneda_oficial
1993-09-08,1.0,evolucion_moneda_oficial
1993-09-09,1.0,evolucion_moneda_oficial
1993-09-10,1.0,evolucion_moneda_oficial
1993-09-13,1.0,evolucion_moneda_oficial
1993-09-14,1.0,evolucion_moneda_oficial
1993-09-15,1.0,evolucion_moneda_oficial
1993-09-16,1.0,evolucion_moneda_oficial
1993-09-17,1.0,evolucion_moneda_oficial
1993-09-20,1.0,evolucion_moneda_oficial
1993-09-21,1.0,evolucion_moneda_oficial
1993-09-22,1.0,evolucion_moneda_oficial
1993-09-23,1.0,evolucion_moneda_oficial
1993-09-24,0.9995,evolucion_moneda_oficial
1993-09-27,1.0,evolucion_moneda_oficial
1993-09-28,1.0,evolucion_moneda_oficial
1993-09-29,1.0,evolucion_moneda_oficial
1993-09-30,1.0,evolucion_moneda_oficial
1993-10-01,1.0,evolucion_moneda_oficial
1993-10-04,0.999,evolucion_moneda_oficial
1993-10-05,1.0,evolucion_moneda_oficial
1993-10-06,0.9998,evolucion_moneda_oficial
1993-10-07,0.999,evolucion_moneda_oficial
1993-10-08,0.999,evolucion_moneda_oficial
1993-10-12,0.9994,evolucion_moneda_oficial
1993-10-13,0.9991,evolucion_moneda_oficial
1993-10-14,0.999,evolucion_moneda_oficial
1993-10-15,0.9998,evolucion_moneda_oficial
1993-10-18,0.9998,evolucion_moneda_oficial
1993-10-19,0.9998,evolucion_moneda_oficial
1993-10-20,1.0,evolucion_moneda_oficial
1993-10-21,0.9999,evolucion_moneda_oficial
1993-10-22,0.9999,evolucion_moneda_oficial
1993-10-25,1.0,evolucion_moneda_oficial
1993-10-26,1.0,evolucion_moneda_oficial
1993-10-27,1.0,evolucion_moneda_oficial
1993-10-28,1.0,evolucion_moneda_oficial
1993-10-29,0.9998,evolucion_moneda_oficial
1993-11-01,0.999,evolucion_moneda_oficial
1993-11-02,0.999,evolucion_moneda_oficial
1993-11-03,0.999,evolucion_moneda_oficial
1993-11-04,0.999,evolucion_moneda_oficial
1993-11-05,0.999,evolucion_moneda_oficial
1993-11-08,0.9998,evolucion_moneda_oficial
1993-11-09,1.0,evolucion_moneda_oficial
1993-11-10,0.9999,evolucion_moneda_oficial
1993-11-11,0.9995,evolucion_moneda_oficial
1993-11-12,0.999,evolucion_moneda_oficial
1993-11-15,0.9997,evolucion_moneda_oficial
1993-11-16,0.9996,evolucion_moneda_oficial
1993-11-17,0.999,evolucion_moneda_oficial
1993-11-18,0.999,evolucion_moneda_oficial
1993-11-19,0.999,evolucion_moneda_oficial
1993-11-22,0.999,evolucion_moneda_oficial
1993-11-23,0.999,evolucion_moneda_oficial
1993-11-24,0.999,evolucion_moneda_oficial
1993-11-25,0.999,evolucion_moneda_oficial
1993-11-26,0.999,evolucion_moneda_oficial
1993-11-29,0.999,evolucion_moneda_oficial
1993-11-30,0.999,evolucion_moneda_oficial
1993-12-01,0.999,evolucion_moneda_oficial
1993-12-02,0.999,evolucion_moneda_oficial
1993-12-03,0.999,evolucion_moneda_oficial
1993-12-06,0.999,evolucion_moneda_oficial
1993-12-07,0.999,evolucion_moneda_oficial
1993-12-09,0.999,evolucion_moneda_oficial
1993-12-10,0.999,evolucion_moneda_oficial
1993-12-13,0.999,evolucion_moneda_oficial
1993-12-14,0.999,evolucion_moneda_oficial
1993-12-15,0.999,evolucion_moneda_oficial
1993-12-16,0.999,evolucion_moneda_oficial
1993-12-17,0.999,evolucion_moneda_oficial
1993-12-20,0.999,evolucion_moneda_oficial
1993-12-21,0.999,evolucion_moneda_oficial
1993-12-22,0.999,evolucion_moneda_oficial
1993-12-23,0.999,evolucion_moneda_oficial
1993-12-24,0.999,evolucion_moneda_oficial
1993-12-27,0.999,evolucion_moneda_oficial
1993-12-28,0.999,evolucion_moneda_oficial
1993-12-29,0.999,evolucion_moneda_oficial
1993-12-30,0.999,evolucion_moneda_oficial
1994-01-03,0.999,evolucion_moneda_oficial
1994-01-04,0.999,evolucion_moneda_oficial
1994-01-05,0.999,evolucion_moneda_oficial
1994-01-06,0.999,evolucion_moneda_oficial
1994-01-07,0.999,evolucion_moneda_oficial
1994-01-10,0.999,evolucion_moneda_oficial
1994-01-11,0.999,evolucion_moneda_oficial
1994-01-12,0.999,evolucion_moneda_oficial
1994-01-13,0.999,evolucion_moneda_oficial
1994-01-14,0.999,evolucion_moneda_oficial
1994-01-17,0.9995,evolucion_moneda_oficial
1994-01-18,1.0,evolucion_moneda_oficial
1994-01-19,1.0,evolucion_moneda_oficial
1994-01-20,1.0,evolucion_moneda_oficial
1994-01-21,1.0,evolucion_moneda_oficial
1994-01-24,1.0,evolucion_moneda_oficial
1994-01-25,1.0,evolucion_moneda_oficial
1994-01-26,1.0,evolucion_moneda_oficial
1994-01-27,1.0,evolucion_moneda_oficial
1994-01-28,0.9998,evolucion_moneda_oficial
1994-01-31,0.999,evolucion_moneda_oficial
1994-02-01,0.9993,evolucion_moneda_oficial
1994-02-02,0.999,evolucion_moneda_oficial
1994-02-03,0.999,evolucion_moneda_oficial
1994-02-04,0.999,evolucion_moneda_oficial
1994-02-07,0.999,evolucion_moneda_oficial
1994-02-08,0.999,evolucion_moneda_oficial
1994-02-09,0.999,evolucion_moneda_oficial
1994-02-10,0.999,evolucion_moneda_oficial
1994-02-11,0.999,evolucion_moneda_oficial
1994-02-14,0.999,evolucion_moneda_oficial
1994-02-15,0.9996,evolucion_moneda_oficial
1994-02-16,0.9995,evolucion_moneda_oficial
1994-02-17,0.9995,evolucion_moneda_oficial
1994-02-18,0.9992,evolucion_moneda_oficial
1994-02-21,1.0,evolucion_moneda_oficial
1994-02-22,1.0,evolucion_moneda_oficial
1994-02-23,1.0,evolucion_moneda_oficial
1994-02-24,1.0,evolucion_moneda_oficial
1994-02-25,1.0,evolucion_moneda_oficial
1994-02-28,1.0,evolucion_moneda_oficial
1994-03-01,0.9997,evolucion_moneda_oficial
1994-03-02,1.0,evolucion_moneda_oficial
1994-03-03,1.0,evolucion_moneda_oficial
1994-03-04,0.9997,evolucion_moneda_oficial
1994-03-07,0.9996,evolucion_moneda_oficial
1994-03-08,0.9992,evolucion_moneda_oficial
1994-03-09,0.999,evolucion_moneda_oficial
1994-03-10,0.9997,evolucion_moneda_oficial
1994-03-11,1.0,evolucion_moneda_oficial
1994-03-14,1.0,evolucion_moneda_oficial
1994-03-15,1.0,evolucion_moneda_oficial
1994-03-16,1.0,evolucion_moneda_oficial
1994-03-17,1.0,evolucion_moneda_oficial
1994-03-18,1.0,evolucion_moneda_oficial
1994-03-21,1.0,evolucion_moneda_oficial
1994-03-22,1.0,evolucion_moneda_oficial
1994-03-23,1.0,evolucion_moneda_oficial
1994-03-24,1.0,evolucion_moneda_oficial
1994-03-25,1.0,evolucion_moneda_oficial
1994-03-28,1.0,evolucion_moneda_oficial
1994-03-29,1.0,evolucion_moneda_oficial
1994-03-30,1.0,evolucion_moneda_oficial
1994-04-04,0.999,evolucion_moneda_oficial
1994-04-05,0.999,evolucion_moneda_oficial
1994-04-06,0.999,evolucion_moneda_oficial
1994-04-07,0.9998,evolucion_moneda_oficial
1994-04-08,1.0,evolucion_moneda_oficial
1994-04-11,1.0,evolucion_moneda_oficial
1994-04-12,1.0,evolucion_moneda_oficial
1994-04-13,1.0,evolucion_moneda_oficial
1994-04-14,1.0,evolucion_moneda_oficial
1994-04-15,1.0,evolucion_moneda_oficial
1994-04-18,1.0,evolucion_moneda_oficial
1994-04-19,1.0,evolucion_moneda_oficial
1994-04-20,1.0,evolucion_moneda_oficial
1994-04-21,1.0,evolucion_moneda_oficial
1994-04-22,1.0,evolucion_moneda_oficial
1994-04-25,1.0,evolucion_moneda_oficial
1994-04-26,1.0,evolucion_moneda_oficial
1994-04-27,1.0,evolucion_moneda_oficial
1994-04-28,1.0,evolucion_moneda_oficial
1994-04-29,0.999,evolucion_moneda_oficial
1994-05-02,0.999,evolucion_moneda_oficial
1994-05-03,0.9992,evolucion_moneda_oficial
1994-05-04,0.9992,evolucion_moneda_oficial
1994-05-05,0.999,evolucion_moneda_oficial
1994-05-06,0.999,evolucion_moneda_oficial
1994-05-09,0.999,evolucion_moneda_oficial
1994-05-10,0.9995,evolucion_moneda_oficial
1994-05-11,1.0,evolucion_moneda_oficial
1994-05-12,0.9995,evolucion_moneda_oficial
1994-05-13,0.999,evolucion_moneda_oficial
1994-05-16,0.9995,evolucion_moneda_oficial
1994-05-17,0.9995,evolucion_moneda_oficial
1994-05-18,0.999,evolucion_moneda_oficial
1994-05-19,0.999,evolucion_moneda_oficial
1994-05-20,0.999,evolucion_moneda_oficial
1994-05-23,0.999,evolucion_moneda_oficial
1994-05-24,0.999,evolucion_moneda_oficial
1994-05-26,0.999,evolucion_moneda_oficial
1994-05-27,0.999,evolucion_moneda_oficial
1994-05-30,0.999,evolucion_moneda_oficial
1994-05-31,0.999,evolucion_moneda_oficial
1994-06-01,0.999,evolucion_moneda_oficial
1994-06-02,0.999,evolucion_moneda_oficial
1994-06-03,0.999,evolucion_moneda_oficial
1994-06-06,0.999,evolucion_moneda_oficial
1994-06-07,0.999,evolucion_moneda_oficial
1994-06-08,0.9993,evolucion_moneda_oficial
1994-06-09,0.999,evolucion_moneda_oficial
1994-06-10,0.999,evolucion_moneda_oficial
1994-06-14,0.999,evolucion_moneda_oficial
1994-06-15,0.999,evolucion_moneda_oficial
1994-06-16,0.999,evolucion_moneda_oficial
1994-06-17,0.999,evolucion_moneda_oficial
1994-06-21,0.999,evolucion_moneda_oficial
1994-06-22,0.999,evolucion_moneda_oficial
1994-06-23,0.999,evolucion_moneda_oficial
1994-06-24,0.999,evolucion_moneda_oficial
1994-06-27,0.999,evolucion_moneda_oficial
1994-06-28,0.9992,evolucion_moneda_oficial
1994-06-29,0.999,evolucion_moneda_oficial
1994-06-30,0.999,evolucion_moneda_oficial
1994-07-01,0.999,evolucion_moneda_oficial
1994-07-04,0.999,evolucion_moneda_oficial
1994-07-05,0.999,evolucion_moneda_oficial
1994-07-06,0.999,evolucion_moneda_oficial
1994-07-07,0.999,evolucion_moneda_oficial
1994-07-08,0.999,evolucion_moneda_oficial
1994-07-11,0.999,evolucion_moneda_oficial
1994-07-12,0.999,evolucion_moneda_oficial
1994-07-13,0.999,evolucion_moneda_oficial
1994-07-14,0.999,evolucion_moneda_oficial
1994-07-15,0.999,evolucion_moneda_oficial
1994-07-18,0.999,evolucion_moneda_oficial
1994-07-19,0.999,evolucion_moneda_oficial
1994-07-20,0.9993,evolucion_moneda_oficial
1994-07-21,0.9993,evolucion_moneda_oficial
1994-07-22,0.9992,evolucion_moneda_oficial
1994-07-25,1.0,evolucion_moneda_oficial
1994-07-26,0.9995,evolucion_moneda_oficial
1994-07-27,0.999,evolucion_moneda_oficial
1994-07-28,0.9995,evolucion_moneda_oficial
1994-07-29,0.999,evolucion_moneda_oficial
1994-08-01,0.9994,evolucion_moneda_oficial
1994-08-02,0.9995,evolucion_moneda_oficial
1994-08-03,0.9995,evolucion_moneda_oficial
1994-08-04,0.999,evolucion_moneda_oficial
1994-08-05,0.999,evolucion_moneda_oficial
1994-08-08,0.9992,evolucion_moneda_oficial
1994-08-09,0.9997,evolucion_moneda_oficial
1994-08-10,1.0,evolucion_moneda_oficial
1994-08-11,0.9997,evolucion_moneda_oficial
1994-08-12,0.999,evolucion_moneda_oficial
1994-08-16,1.0,evolucion_moneda_oficial
1994-08-17,1.0,evolucion_moneda_oficial
1994-08-18,1.0,evolucion_moneda_oficial
1994-08-19,0.9995,evolucion_moneda_oficial
1994-08-22,1.0,evolucion_moneda_oficial
1994-08-23,1.0,evolucion_moneda_oficial
1994-08-24,1.0,evolucion_moneda_oficial
1994-08-25,1.0,evolucion_moneda_oficial
1994-08-26,1.0,evolucion_moneda_oficial
1994-08-29,1.0,evolucion_moneda_oficial
1994-08-30,1.0,evolucion_moneda_oficial
1994-08-31,1.0,evolucion_moneda_oficial
1994-09-01,0.9995,evolucion_moneda_oficial
1994-09-02,0.999,evolucion_moneda_oficial
1994-09-05,0.9996,evolucion_moneda_oficial
1994-09-06,0.9997,evolucion_moneda_oficial
1994-09-07,0.9999,evolucion_moneda_oficial
1994-09-08,1.0,evolucion_moneda_oficial
1994-09-09,0.9997,evolucion_moneda_oficial
1994-09-12,1.0,evolucion_moneda_oficial
1994-09-13,1.0,evolucion_moneda_oficial
1994-09-14,1.0,evolucion_moneda_oficial
1994-09-15,1.0,evolucion_moneda_oficial
1994-09-16,1.0,evolucion_moneda_oficial
1994-09-19,1.0,evolucion_moneda_oficial
1994-09-20,1.0,evolucion_moneda_oficial
1994-09-21,1.0,evolucion_moneda_oficial
1994-09-22,1.0,evolucion_moneda_oficial
1994-09-23,1.0,evolucion_moneda_oficial
1994-09-26,1.0,evolucion_moneda_oficial
1994-09-27,1.0,evolucion_moneda_oficial
1994-09-28,1.0,evolucion_moneda_oficial
1994-09-29,1.0,evolucion_moneda_oficial
1994-09-30,1.0,evolucion_moneda_oficial
1994-10-03,0.9993,evolucion_moneda_oficial
1994-10-04,0.999,evolucion_moneda_oficial
1994-10-05,0.999,evolucion_moneda_oficial
1994-10-06,0.999,evolucion_moneda_oficial
1994-10-07,0.999,evolucion_moneda_oficial
1994-10-11,0.999,evolucion_moneda_oficial
1994-10-12,0.999,evolucion_moneda_oficial
1994-10-13,0.999,evolucion_moneda_oficial
1994-10-14,0.9994,evolucion_moneda_oficial
1994-10-17,1.0,evolucion_moneda_oficial
1994-10-18,1.0,evolucion_moneda_oficial
1994-10-19,1.0,evolucion_moneda_oficial
1994-10-20,1.0,evolucion_moneda_oficial
1994-10-21,1.0,evolucion_moneda_oficial
1994-10-24,1.0,evolucion_moneda_oficial
1994-10-25,1.0,evolucion_moneda_oficial
1994-10-26,1.0,evolucion_moneda_oficial
1994-10-27,1.0,evolucion_moneda_oficial
1994-10-28,1.0,evolucion_moneda_oficial
1994-10-31,1.0,evolucion_moneda_oficial
1994-11-01,0.9992,evolucion_moneda_oficial
1994-11-02,1.0,evolucion_moneda_oficial
1994-11-03,1.0,evolucion_moneda_oficial
1994-11-04,0.9998,evolucion_moneda_oficial
1994-11-07,1.0,evolucion_moneda_oficial
1994-11-08,0.9998,evolucion_moneda_oficial
1994-11-09,1.0,evolucion_moneda_oficial
1994-11-10,0.9995,evolucion_moneda_oficial
1994-11-11,1.0,evolucion_moneda_oficial
1994-11-14,1.0,evolucion_moneda_oficial
1994-11-15,1.0,evolucion_moneda_oficial
1994-11-16,1.0,evolucion_moneda_oficial
1994-11-17,1.0,evolucion_moneda_oficial
1994-11-18,1.0,evolucion_moneda_oficial
1994-11-21,1.0,evolucion_moneda_oficial
1994-11-22,1.0,evolucion_moneda_oficial
1994-11-23,1.0,evolucion_moneda_oficial
1994-11-24,1.0,evolucion_moneda_oficial
1994-11-25,1.0,evolucion_moneda_oficial
1994-11-28,1.0,evolucion_moneda_oficial
1994-11-29,1.0,evolucion_moneda_oficial
1994-11-30,0.9992,evolucion_moneda_oficial
1994-12-01,0.999,evolucion_moneda_oficial
1994-12-02,0.999,evolucion_moneda_oficial
1994-12-05,0.999,evolucion_moneda_oficial
1994-12-06,0.999,evolucion_moneda_oficial
1994-12-07,0.999,evolucion_moneda_oficial
1994-12-09,0.999,evolucion_moneda_oficial
1994-12-12,0.999,evolucion_moneda_oficial
1994-12-13,0.999,evolucion_moneda_oficial
1994-12-14,0.999,evolucion_moneda_oficial
1994-12-15,0.999,evolucion_moneda_oficial
1994-12-16,0.999,evolucion_moneda_oficial
1994-12-19,0.999,evolucion_moneda_oficial
1994-12-20,0.999,evolucion_moneda_oficial
1994-12-21,1.0,evolucion_moneda_oficial
1994-12-22,0.999,evolucion_moneda_oficial
1994-12-23,0.999,evolucion_moneda_oficial
1994-12-26,1.0,evolucion_moneda_oficial
1994-12-27,1.0,evolucion_moneda_oficial
1994-12-28,1.0,evolucion_moneda_oficial
1994-12-29,1.0,evolucion_moneda_oficial
1995-01-02,1.0,evolucion_moneda_oficial
1995-01-03,0.999,evolucion_moneda_oficial
1995-01-04,0.999,evolucion_moneda_oficial
1995-01-05,0.9994,evolucion_moneda_oficial
1995-01-06,1.0,evolucion_moneda_oficial
1995-01-09,1.0,evolucion_moneda_oficial
1995-01-10,1.0,evolucion_moneda_oficial
1995-01-11,1.0,evolucion_moneda_oficial
1995-01-12,1.0,evolucion_moneda_oficial
1995-01-13,1.0,evolucion_moneda_oficial
1995-01-16,1.0,evolucion_moneda_oficial
1995-01-17,1.0,evolucion_moneda_oficial
1995-01-18,1.0,evolucion_moneda_oficial
1995-01-19,1.0,evolucion_moneda_oficial
1995-01-20,1.0,evolucion_moneda_oficial
1995-01-23,1.0,evolucion_moneda_oficial
1995-01-24,1.0,evolucion_moneda_oficial
1995-01-25,1.0,evolucion_moneda_oficial
1995-01-26,1.0,evolucion_moneda_oficial
1995-01-27,1.0,evolucion_moneda_oficial
1995-01-30,1.0,evolucion_moneda_oficial
1995-01-31,1.0,evolucion_moneda_oficial
1995-02-01,1.0,evolucion_moneda_oficial
1995-02-02,1.0,evolucion_moneda_oficial
1995-02-03,1.0,evolucion_moneda_oficial
1995-02-06,1.0,evolucion_moneda_oficial
1995-02-07,1.0,evolucion_moneda_oficial
1995-02-08,1.0,evolucion_moneda_oficial
1995-02-09,1.0,evolucion_moneda_oficial
1995-02-10,1.0,evolucion_moneda_oficial
1995-02-13,1.0,evolucion_moneda_oficial
1995-02-14,1.0,evolucion_moneda_oficial
1995-02-15,1.0,evolucion_moneda_oficial
1995-02-16,1.0,evolucion_moneda_oficial
1995-02-17,1.0,evolucion_moneda_oficial
1995-02-20,1.0,evolucion_moneda_oficial
1995-02-21,1.0,evolucion_moneda_oficial
1995-02-22,1.0,evolucion_moneda_oficial
1995-02-23,1.0,evolucion_moneda_oficial
1995-02-24,1.0,evolucion_moneda_oficial
1995-02-27,1.0,evolucion_moneda_oficial
1995-02-28,1.0,evolucion_moneda_oficial
1995-03-01,1.0,evolucion_moneda_oficial
1995-03-02,1.0,evolucion_moneda_oficial
1995-03-03,1.0,evolucion_moneda_oficial
1995-03-06,1.0,evolucion_moneda_oficial
1995-03-07,1.0,evolucion_moneda_oficial
1995-03-08,1.0,evolucion_moneda_oficial
1995-03-09,1.0,evolucion_moneda_oficial
1995-03-10,1.0,evolucion_moneda_oficial
1995-03-13,1.0,evolucion_moneda_oficial
1995-03-14,1.0,evolucion_moneda_oficial
1995-03-15,1.0,evolucion_moneda_oficial
1995-03-16,1.0,evolucion_moneda_oficial
1995-03-17,1.0,evolucion_moneda_oficial
1995-03-20,1.0,evolucion_moneda_oficial
1995-03-21,1.0,evolucion_moneda_oficial
1995-03-22,1.0,evolucion_moneda_oficial
1995-03-23,1.0,evolucion_moneda_oficial
1995-03-24,1.0,evolucion_moneda_oficial
1995-03-27,1.0,evolucion_moneda_oficial
1995-03-28,1.0,evolucion_moneda_oficial
1995-03-29,1.0,evolucion_moneda_oficial
1995-03-30,1.0,evolucion_moneda_oficial
1995-03-31,1.0,evolucion_moneda_oficial
1995-04-03,1.0,evolucion_moneda_oficial
1995-04-04,1.0,evolucion_moneda_oficial
1995-04-05,1.0,evolucion_moneda_oficial
1995-04-06,1.0,evolucion_moneda_oficial
1995-04-07,1.0,evolucion_moneda_oficial
1995-04-10,1.0,evolucion_moneda_oficial
1995-04-11,1.0,evolucion_moneda_oficial
1995-04-12,1.0,evolucion_moneda_oficial
1995-04-17,1.0,evolucion_moneda_oficial
1995-04-18,1.0,evolucion_moneda_oficial
1995-04-19,1.0,evolucion_moneda_oficial
1995-04-20,1.0,evolucion_moneda_oficial
1995-04-21,1.0,evolucion_moneda_oficial
1995-04-24,1.0,evolucion_moneda_oficial
1995-04-25,1.0,evolucion_moneda_oficial
1995-04-26,1.0,evolucion_moneda_oficial
1995-04-27,1.0,evolucion_moneda_oficial
1995-04-28,1.0,evolucion_moneda_oficial
1995-05-02,1.0,evolucion_moneda_oficial
1995-05-03,1.0,evolucion_moneda_oficial
1995-05-04,1.0,evolucion_moneda_oficial
1995-05-05,1.0,evolucion_moneda_oficial
1995-05-08,1.0,evolucion_moneda_oficial
1995-05-09,1.0,evolucion_moneda_oficial
1995-05-10,1.0,evolucion_moneda_oficial
1995-05-11,1.0,evolucion_moneda_oficial
1995-05-12,1.0,evolucion_moneda_oficial
1995-05-15,1.0,evolucion_moneda_oficial
1995-05-16,1.0,evolucion_moneda_oficial
1995-05-17,1.0,evolucion_moneda_oficial
1995-05-18,1.0,evolucion_moneda_oficial
1995-05-19,1.0,evolucion_moneda_oficial
1995-05-22,1.0,evolucion_moneda_oficial
1995-05-23,1.0,evolucion_moneda_oficial
1995-05-24,1.0,evolucion_moneda_oficial
1995-05-26,1.0,evolucion_moneda_oficial
1995-05-29,1.0,evolucion_moneda_oficial
1995-05-30,1.0,evolucion_moneda_oficial
1995-05-31,1.0,evolucion_moneda_oficial
1995-06-01,1.0,evolucion_moneda_oficial
1995-06-02,1.0,evolucion_moneda_oficial
1995-06-05,1.0,evolucion_moneda_oficial
1995-06-06,1.0,evolucion_moneda_oficial
1995-06-07,1.0,evolucion_moneda_oficial
1995-06-08,1.0,evolucion_moneda_oficial
1995-06-09,1.0,evolucion_moneda_oficial
1995-06-12,1.0,evolucion_moneda_oficial
1995-06-13,1.0,evolucion_moneda_oficial
1995-06-14,1.0,evolucion_moneda_oficial
1995-06-15,1.0,evolucion_moneda_oficial
1995-06-16,1.0,evolucion_moneda_oficial
1995-06-20,1.0,evolucion_moneda_oficial
1995-06-21,1.0,evolucion_moneda_oficial
1995-06-22,1.0,evolucion_moneda_oficial
1995-06-23,1.0,evolucion_moneda_oficial
1995-06-26,1.0,evolucion_moneda_oficial
1995-06-27,1.0,evolucion_moneda_oficial
1995-06-28,1.0,evolucion_moneda_oficial
1995-06-29,1.0,evolucion_moneda_oficial
1995-06-30,1.0,evolucion_moneda_oficial
1995-07-03,1.0,evolucion_moneda_oficial
1995-07-04,1.0,evolucion_moneda_oficial
1995-07-05,1.0,evolucion_moneda_oficial
1995-07-06,1.0,evolucion_moneda_oficial
1995-07-07,1.0,evolucion_moneda_oficial
1995-07-10,1.0,evolucion_moneda_oficial
1995-07-11,1.0,evolucion_moneda_oficial
1995-07-12,1.0,evolucion_moneda_oficial
1995-07-13,1.0,evolucion_moneda_oficial
1995-07-14,1.0,evolucion_moneda_oficial
1995-07-17,1.0,evolucion_moneda_oficial
1995-07-18,1.0,evolucion_moneda_oficial
1995-07-19,1.0,evolucion_moneda_oficial
1995-07-20,1.0,evolucion_moneda_oficial
1995-07-21,1.0,evolucion_moneda_oficial
1995-07-24,1.0,evolucion_moneda_oficial
1995-07-25,1.0,evolucion_moneda_oficial
1995-07-26,1.0,evolucion_moneda_oficial
1995-07-27,1.0,evolucion_moneda_oficial
1995-07-28,1.0,evolucion_moneda_oficial
1995-07-31,1.0,evolucion_moneda_oficial
1995-08-01,1.0,evolucion_moneda_oficial
1995-08-02,1.0,evolucion_moneda_oficial
1995-08-03,1.0,evolucion_moneda_oficial
1995-08-04,1.0,evolucion_moneda_oficial
1995-08-07,1.0,evolucion_moneda_oficial
1995-08-08,1.0,evolucion_moneda_oficial
1995-08-09,1.0,evolucion_moneda_oficial
1995-08-10,1.0,evolucion_moneda_oficial
1995-08-11,1.0,evolucion_moneda_oficial
1995-08-14,1.0,evolucion_moneda_oficial
1995-08-15,1.0,evolucion_moneda_oficial
1995-08-16,1.0,evolucion_moneda_oficial
1995-08-17,1.0,evolucion_moneda_oficial
1995-08-18,1.0,evolucion_moneda_oficial
1995-08-22,1.0,evolucion_moneda_oficial
1995-08-23,1.0,evolucion_moneda_oficial
1995-08-24,1.0,evolucion_moneda_oficial
1995-08-25,1.0,evolucion_moneda_oficial
1995-08-28,1.0,evolucion_moneda_oficial
1995-08-29,1.0,evolucion_moneda_oficial
1995-08-30,1.0,evolucion_moneda_oficial
1995-08-31,1.0,evolucion_moneda_oficial
1995-09-01,1.0,evolucion_moneda_oficial
1995-09-04,1.0,evolucion_moneda_oficial
1995-09-05,1.0,evolucion_moneda_oficial
1995-09-06,1.0,evolucion_moneda_oficial
1995-09-07,1.0,evolucion_moneda_oficial
1995-09-08,1.0,evolucion_moneda_oficial
1995-09-11,1.0,evolucion_moneda_oficial
1995-09-12,1.0,evolucion_moneda_oficial
1995-09-13,1.0,evolucion_moneda_oficial
1995-09-14,1.0,evolucion_moneda_oficial
1995-09-15,1.0,evolucion_moneda_oficial
1995-09-18,1.0,evolucion_moneda_oficial
1995-09-19,1.0,evolucion_moneda_oficial
1995-09-20,1.0,evolucion_moneda_oficial
1995-09-21,1.0,evolucion_moneda_oficial
1995-09-22,1.0,evolucion_moneda_oficial
1995-09-25,1.0,evolucion_moneda_oficial
1995-09-26,1.0,evolucion_moneda_oficial
1995-09-27,1.0,evolucion_moneda_oficial
1995-09-28,1.0,evolucion_moneda_oficial
1995-09-29,1.0,evolucion_moneda_oficial
1995-10-02,1.0,evolucion_moneda_oficial
1995-10-03,1.0,evolucion_moneda_oficial
1995-10-04,1.0,evolucion_moneda_oficial
1995-10-05,1.0,evolucion_moneda_oficial
1995-10-06,1.0,evolucion_moneda_oficial
1995-10-09,1.0,evolucion_moneda_oficial
1995-10-10,1.0,evolucion_moneda_oficial
1995-10-11,1.0,evolucion_moneda_oficial
1995-10-12,1.0,evolucion_moneda_oficial
1995-10-13,1.0,evolucion_moneda_oficial
1995-10-17,1.0,evolucion_moneda_oficial
1995-10-18,1.0,evolucion_moneda_oficial
1995-10-19,1.0,evolucion_moneda_oficial
1995-10-20,1.0,evolucion_moneda_oficial
1995-10-23,1.0,evolucion_moneda_oficial
1995-10-24,1.0,evolucion_moneda_oficial
1995-10-25,1.0,evolucion_moneda_oficial
1995-10-26,1.0,evolucion_moneda_oficial
1995-10-27,1.0,evolucion_moneda_oficial
1995-10-30,1.0,evolucion_moneda_oficial
1995-10-31,1.0,evolucion_moneda_oficial
1995-11-01,1.0,evolucion_moneda_oficial
1995-11-02,1.0,evolucion_moneda_oficial
1995-11-03,1.0,evolucion_moneda_oficial
1995-11-06,1.0,evolucion_moneda_oficial
1995-11-07,1.0,evolucion_moneda_oficial
1995-11-08,1.0,evolucion_moneda_oficial
1995-11-09,1.0,evolucion_moneda_oficial
1995-11-10,1.0,evolucion_moneda_oficial
1995-11-13,1.0,evolucion_moneda_oficial
1995-11-14,1.0,evolucion_moneda_oficial
1995-11-15,1.0,evolucion_moneda_oficial
1995-11-16,1.0,evolucion_moneda_oficial
1995-11-17,1.0,evolucion_moneda_oficial
1995-11-20,1.0,evolucion_moneda_oficial
1995-11-21,1.0,evolucion_moneda_oficial
1995-11-22,1.0,evolucion_moneda_oficial
1995-11-23,1.0,evolucion_moneda_oficial
1995-11-24,1.0,evolucion_moneda_oficial
1995-11-27,1.0,evolucion_moneda_oficial
1995-11-28,1.0,evolucion_moneda_oficial
1995-11-29,1.0,evolucion_moneda_oficial
1995-11-30,1.0,evolucion_moneda_oficial
1995-12-01,1.0,evolucion_moneda_oficial
1995-12-04,1.0,evolucion_moneda_oficial
1995-12-05,1.0,evolucion_moneda_oficial
1995-12-06,1.0,evolucion_moneda_oficial
1995-12-07,1.0,evolucion_moneda_oficial
1995-12-11,1.0,evolucion_moneda_oficial
1995-12-12,1.0,evolucion_moneda_oficial
1995-12-13,1.0,evolucion_moneda_oficial
1995-12-14,1.0,evolucion_moneda_oficial
1995-12-15,1.0,evolucion_moneda_oficial
1995-12-18,1.0,evolucion_moneda_oficial
1995-12-19,1.0,evolucion_moneda_oficial
1995-12-20,1.0,evolucion_moneda_oficial
1995-12-21,1.0,evolucion_moneda_oficial
1995-12-22,1.0,evolucion_moneda_oficial
1995-12-26,1.0,evolucion_moneda_oficial
1995-12-27,1.0,evolucion_moneda_oficial
1995-12-28,1.0,evolucion_moneda_oficial
1996-01-02,1.0,evolucion_moneda_oficial
1996-01-03,1.0,evolucion_moneda_oficial
1996-01-04,1.0,evolucion_moneda_oficial
1996-01-05,1.0,evolucion_moneda_oficial
1996-01-08,1.0,evolucion_moneda_oficial
1996-01-09,1.0,evolucion_moneda_oficial
1996-01-10,1.0,evolucion_moneda_oficial
1996-01-11,1.0,evolucion_moneda_oficial
1996-01-12,1.0,evolucion_moneda_oficial
1996-01-15,1.0,evolucion_moneda_oficial
1996-01-16,1.0,evolucion_moneda_oficial
1996-01-17,1.0,evolucion_moneda_oficial
1996-01-18,1.0,evolucion_moneda_oficial
1996-01-19,1.0,evolucion_moneda_oficial
1996-01-22,1.0,evolucion_moneda_oficial
1996-01-23,1.0,evolucion_moneda_oficial
1996-01-24,1.0,evolucion_moneda_oficial
1996-01-25,1.0,evolucion_moneda_oficial
1996-01-26,1.0,evolucion_moneda_oficial
1996-01-29,1.0,evolucion_moneda_oficial
1996-01-30,1.0,evolucion_moneda_oficial
1996-01-31,1.0,evolucion_moneda_oficial
1996-02-01,1.0,evolucion_moneda_oficial
1996-02-02,1.0,evolucion_moneda_oficial
1996-02-05,1.0,evolucion_moneda_oficial
1996-02-06,1.0,evolucion_moneda_oficial
1996-02-07,1.0,evolucion_moneda_oficial
1996-02-08,1.0,evolucion_moneda_oficial
1996-02-09,1.0,evolucion_moneda_oficial
1996-02-12,1.0,evolucion_moneda_oficial
1996-02-13,1.0,evolucion_moneda_oficial
1996-02-14,1.0,evolucion_moneda_oficial
1996-02-15,1.0,evolucion_moneda_oficial
1996-02-16,1.0,evolucion_moneda_oficial
1996-02-19,1.0,evolucion_moneda_oficial
1996-02-20,1.0,evolucion_moneda_oficial
1996-02-21,1.0,evolucion_moneda_oficial
1996-02-22,1.0,evolucion_moneda_oficial
1996-02-23,1.0,evolucion_moneda_oficial
1996-02-26,1.0,evolucion_moneda_oficial
1996-02-27,1.0,evolucion_moneda_oficial
1996-02-28,1.0,evolucion_moneda_oficial
1996-02-29,1.0,evolucion_moneda_oficial
1996-03-01,1.0,evolucion_moneda_oficial
1996-03-04,1.0,evolucion_moneda_oficial
1996-03-05,1.0,evolucion_moneda_oficial
1996-03-06,1.0,evolucion_moneda_oficial
1996-03-07,1.0,evolucion_moneda_oficial
1996-03-08,1.0,evolucion_moneda_oficial
1996-03-11,1.0,evolucion_moneda_oficial
1996-03-12,1.0,evolucion_moneda_oficial
1996-03-13,1.0,evolucion_moneda_oficial
1996-03-14,1.0,evolucion_moneda_oficial
1996-03-15,1.0,evolucion_moneda_oficial
1996-03-18,1.0,evolucion_moneda_oficial
1996-03-19,1.0,evolucion_moneda_oficial
1996-03-20,1.0,evolucion_moneda_oficial
1996-03-21,1.0,evolucion_moneda_oficial
1996-03-22,1.0,evolucion_moneda_oficial
1996-03-25,1.0,evolucion_moneda_oficial
1996-03-26,1.0,evolucion_moneda_oficial
1996-03-27,1.0,evolucion_moneda_oficial
1996-03-28,1.0,evolucion_moneda_oficial
1996-03-29,1.0,evolucion_moneda_oficial
1996-04-01,1.0,evolucion_moneda_oficial
1996-04-02,1.0,evolucion_moneda_oficial
1996-04-03,1.0,evolucion_moneda_oficial
1996-04-08,1.0,evolucion_moneda_oficial
1996-04-09,1.0,evolucion_moneda_oficial
1996-04-10,1.0,evolucion_moneda_oficial
1996-04-11,1.0,evolucion_moneda_oficial
1996-04-12,1.0,evolucion_moneda_oficial
1996-04-15,1.0,evolucion_moneda_oficial
1996-04-16,1.0,evolucion_moneda_oficial
1996-04-17,1.0,evolucion_moneda_oficial
1996-04-18,1.0,evolucion_moneda_oficial
1996-04-19,1.0,evolucion_moneda_oficial
1996-04-22,1.0,evolucion_moneda_oficial
1996-04-23,1.0,evolucion_moneda_oficial
1996-04-24,1.0,evolucion_moneda_oficial
1996-04-25,1.0,evolucion_moneda_oficial
1996-04-26,1.0,evolucion_moneda_oficial
1996-04-29,1.0,evolucion_moneda_oficial
1996-04-30,1.0,evolucion_moneda_oficial
1996-05-02,1.0,evolucion_moneda_oficial
1996-05-03,1.0,evolucion_moneda_oficial
1996-05-06,1.0,evolucion_moneda_oficial
1996-05-07,1.0,evolucion_moneda_oficial
1996-05-08,1.0,evolucion_moneda_oficial
1996-05-09,1.0,evolucion_moneda_oficial
1996-05-10,1.0,evolucion_moneda_oficial
1996-05-13,1.0,evolucion_moneda_oficial
1996-05-14,1.0,evolucion_moneda_oficial
1996-05-15,1.0,evolucion_moneda_oficial
1996-05-16,1.0,evolucion_moneda_oficial
1996-05-17,1.0,evolucion_moneda_oficial
1996-05-20,1.0,evolucion_moneda_oficial
1996-05-21,1.0,evolucion_moneda_oficial
1996-05-22,1.0,evolucion_moneda_oficial
1996-05-23,1.0,evolucion_moneda_oficial
1996-05-24,1.0,evolucion_moneda_oficial
1996-05-27,1.0,evolucion_moneda_oficial
1996-05-28,1.0,evolucion_moneda_oficial
1996-05-29,1.0,evolucion_moneda_oficial
1996-05-30,1.0,evolucion_moneda_oficial
1996-05-31,1.0,evolucion_moneda_oficial
1996-06-03,1.0,evolucion_moneda_oficial
1996-06-04,1.0,evolucion_moneda_oficial
1996-06-05,1.0,evolucion_moneda_oficial
1996-06-06,1.0,evolucion_moneda_oficial
1996-06-07,1.0,evolucion_moneda_oficial
1996-06-11,1.0,evolucion_moneda_oficial
1996-06-12,1.0,evolucion_moneda_oficial
1996-06-13,1.0,evolucion_moneda_oficial
1996-06-14,1.0,evolucion_moneda_oficial
1996-06-18,1.0,evolucion_moneda_oficial
1996-06-19,1.0,evolucion_moneda_oficial
1996-06-20,1.0,evolucion_moneda_oficial
1996-06-21,1.0,evolucion_moneda_oficial
1996-06-24,1.0,evolucion_moneda_oficial
1996-06-25,1.0,evolucion_moneda_oficial
1996-06-26,1.0,evolucion_moneda_oficial
1996-06-27,1.0,evolucion_moneda_oficial
1996-06-28,1.0,evolucion_moneda_oficial
1996-07-01,1.0,evolucion_moneda_oficial
1996-07-02,1.0,evolucion_moneda_oficial
1996-07-03,1.0,evolucion_moneda_oficial
1996-07-04,1.0,evolucion_moneda_oficial
1996-07-05,1.0,evolucion_moneda_oficial
1996-07-08,1.0,evolucion_moneda_oficial
1996-07-10,1.0,evolucion_moneda_oficial
1996-07-11,1.0,evolucion_moneda_oficial
1996-07-12,1.0,evolucion_moneda_oficial
1996-07-15,1.0,evolucion_moneda_oficial
1996-07-16,1.0,evolucion_moneda_oficial
1996-07-17,1.0,evolucion_moneda_oficial
1996-07-18,1.0,evolucion_moneda_oficial
1996-07-19,1.0,evolucion_moneda_oficial
1996-07-22,1.0,evolucion_moneda_oficial
1996-07-23,1.0,evolucion_moneda_oficial
1996-07-24,1.0,evolucion_moneda_oficial
1996-07-25,1.0,evolucion_moneda_oficial
1996-07-26,1.0,evolucion_moneda_oficial
1996-07-29,1.0,evolucion_moneda_oficial
1996-07-30,1.0,evolucion_moneda_oficial
1996-07-31,1.0,evolucion_moneda_oficial
1996-08-01,1.0,evolucion_moneda_oficial
1996-08-02,1.0,evolucion_moneda_oficial
1996-08-05,1.0,evolucion_moneda_oficial
1996-08-06,1.0,evolucion_moneda_oficial
1996-08-07,1.0,evolucion_moneda_oficial
1996-08-08,1.0,evolucion_moneda_oficial
1996-08-09,1.0,evolucion_moneda_oficial
1996-08-12,1.0,evolucion_moneda_oficial
1996-08-13,1.0,evolucion_moneda_oficial
1996-08-14,1.0,evolucion_moneda_oficial
1996-08-15,1.0,evolucion_moneda_oficial
1996-08-16,1.0,evolucion_moneda_oficial
1996-08-20,1.0,evolucion_moneda_oficial
1996-08-21,1.0,evolucion_moneda_oficial
1996-08-22,1.0,evolucion_moneda_oficial
1996-08-23,1.0,evolucion_moneda_oficial
1996-08-26,1.0,evolucion_moneda_oficial
1996-08-27,1.0,evolucion_moneda_oficial
1996-08-28,1.0,evolucion_moneda_oficial
1996-08-29,1.0,evolucion_moneda_oficial
1996-08-30,1.0,evolucion_moneda_oficial
1996-09-02,1.0,evolucion_moneda_oficial
1996-09-03,1.0,evolucion_moneda_oficial
1996-09-04,1.0,evolucion_moneda_oficial
1996-09-05,1.0,evolucion_moneda_oficial
1996-09-06,1.0,evolucion_moneda_oficial
1996-09-09,1.0,evolucion_moneda_oficial
1996-09-10,1.0,evolucion_moneda_oficial
1996-09-11,1.0,evolucion_moneda_oficial
1996-09-12,1.0,evolucion_moneda_oficial
1996-09-13,1.0,evolucion_moneda_oficial
1996-09-16,1.0,evolucion_moneda_oficial
1996-09-17,1.0,evolucion_moneda_oficial
1996-09-18,1.0,evolucion_moneda_oficial
1996-09-19,1.0,evolucion_moneda_oficial
1996-09-20,1.0,evolucion_moneda_oficial
1996-09-23,1.0,evolucion_moneda_oficial
1996-09-24,1.0,evolucion_moneda_oficial
1996-09-25,1.0,evolucion_moneda_oficial
1996-09-26,1.0,evolucion_moneda_oficial
1996-09-27,1.0,evolucion_moneda_oficial
1996-09-30,1.0,evolucion_moneda_oficial
1996-10-01,1.0,evolucion_moneda_oficial
1996-10-02,1.0,evolucion_moneda_oficial
1996-10-03,1.0,evolucion_moneda_oficial
1996-10-04,1.0,evolucion_moneda_oficial
1996-10-07,1.0,evolucion_moneda_oficial
1996-10-08,1.0,evolucion_moneda_oficial
1996-10-09,1.0,evolucion_moneda_oficial
1996-10-10,1.0,evolucion_moneda_oficial
1996-10-11,1.0,evolucion_moneda_oficial
1996-10-14,1.0,evolucion_moneda_oficial
1996-10-15,1.0,evolucion_moneda_oficial
1996-10-16,1.0,evolucion_moneda_oficial
1996-10-17,1.0,evolucion_moneda_oficial
1996-10-18,1.0,evolucion_moneda_oficial
1996-10-21,1.0,evolucion_moneda_oficial
1996-10-22,1.0,evolucion_moneda_oficial
1996-10-23,1.0,evolucion_moneda_oficial
1996-10-24,1.0,evolucion_moneda_oficial
1996-10-25,1.0,evolucion_moneda_oficial
1996-10-28,1.0,evolucion_moneda_oficial
1996-10-29,1.0,evolucion_moneda_oficial
1996-10-30,1.0,evolucion_moneda_oficial
1996-10-31,1.0,evolucion_moneda_oficial
1996-11-01,1.0,evolucion_moneda_oficial
1996-11-04,1.0,evolucion_moneda_oficial
1996-11-05,1.0,evolucion_moneda_oficial
1996-11-06,1.0,evolucion_moneda_oficial
1996-11-07,1.0,evolucion_moneda_oficial
1996-11-08,1.0,evolucion_moneda_oficial
1996-11-11,1.0,evolucion_moneda_oficial
1996-11-12,1.0,evolucion_moneda_oficial
1996-11-13,1.0,evolucion_moneda_oficial
1996-11-14,1.0,evolucion_moneda_oficial
1996-11-15,1.0,evolucion_moneda_oficial
1996-11-18,1.0,evolucion_moneda_oficial
1996-11-19,1.0,evolucion_moneda_oficial
1996-11-20,1.0,evolucion_moneda_oficial
1996-11-21,1.0,evolucion_moneda_oficial
1996-11-22,1.0,evolucion_moneda_oficial
1996-11-25,1.0,evolucion_moneda_oficial
1996-11-26,1.0,evolucion_moneda_oficial
1996-11-27,1.0,evolucion_moneda_oficial
1996-11-28,1.0,evolucion_moneda_oficial
1996-11-29,1.0,evolucion_moneda_oficial
1996-12-02,1.0,evolucion_moneda_oficial
1996-12-03,1.0,evolucion_moneda_oficial
1996-12-04,1.0,evolucion_moneda_oficial
1996-12-05,1.0,evolucion_moneda_oficial
1996-12-06,1.0,evolucion_moneda_oficial
1996-12-09,1.0,evolucion_moneda_oficial
1996-12-10,1.0,evolucion_moneda_oficial
1996-12-11,1.0,evolucion_moneda_oficial
1996-12-12,1.0,evolucion_moneda_oficial
1996-12-13,1.0,evolucion_moneda_oficial
1996-12-16,1.0,evolucion_moneda_oficial
1996-12-17,1.0,evolucion_moneda_oficial
1996-12-18,1.0,evolucion_moneda_oficial
1996-12-19,1.0,evolucion_moneda_oficial
1996-12-20,1.0,evolucion_moneda_oficial
1996-12-23,1.0,evolucion_moneda_oficial
1996-12-24,1.0,evolucion_moneda_oficial
1996-12-26,1.0,evolucion_moneda_oficial
1996-12-27,1.0,evolucion_moneda_oficial
1996-12-30,1.0,evolucion_moneda_oficial
1997-01-02,1.0,evolucion_moneda_oficial
1997-01-03,1.0,evolucion_moneda_oficial
1997-01-06,1.0,evolucion_moneda_oficial
1997-01-07,1.0,evolucion_moneda_oficial
1997-01-08,1.0,evolucion_moneda_oficial
1997-01-09,1.0,evolucion_moneda_oficial
1997-01-10,1.0,evolucion_moneda_oficial
1997-01-13,1.0,evolucion_moneda_oficial
1997-01-14,1.0,evolucion_moneda_oficial
1997-01-15,1.0,evolucion_moneda_oficial
1997-01-16,1.0,evolucion_moneda_oficial
1997-01-17,1.0,evolucion_moneda_oficial
1997-01-20,1.0,evolucion_moneda_oficial
1997-01-21,1.0,evolucion_moneda_oficial
1997-01-22,1.0,evolucion_moneda_oficial
1997-01-23,1.0,evolucion_moneda_oficial
1997-01-24,1.0,evolucion_moneda_oficial
1997-01-27,1.0,evolucion_moneda_oficial
1997-01-28,1.0,evolucion_moneda_oficial
1997-01-29,1.0,evolucion_moneda_oficial
1997-01-30,1.0,evolucion_moneda_oficial
1997-01-31,1.0,evolucion_moneda_oficial
1997-02-03,1.0,evolucion_moneda_oficial
1997-02-04,1.0,evolucion_moneda_oficial
1997-02-05,1.0,evolucion_moneda_oficial
1997-02-06,1.0,evolucion_moneda_oficial
1997-02-07,1.0,evolucion_moneda_oficial
1997-02-10,1.0,evolucion_moneda_oficial
1997-02-11,1.0,evolucion_moneda_oficial
1997-02-12,1.0,evolucion_moneda_oficial
1997-02-13,1.0,evolucion_moneda_oficial
1997-02-14,1.0,evolucion_moneda_oficial
1997-02-17,1.0,evolucion_moneda_oficial
1997-02-18,1.0,evolucion_moneda_oficial
1997-02-19,1.0,evolucion_moneda_oficial
1997-02-20,1.0,evolucion_moneda_oficial
1997-02-21,1.0,evolucion_moneda_oficial
1997-02-24,1.0,evolucion_moneda_oficial
1997-02-25,1.0,evolucion_moneda_oficial
1997-02-26,1.0,evolucion_moneda_oficial
1997-02-27,1.0,evolucion_moneda_oficial
1997-02-28,1.0,evolucion_moneda_oficial
1997-03-03,1.0,evolucion_moneda_oficial
1997-03-04,1.0,evolucion_moneda_oficial
1997-03-05,1.0,evolucion_moneda_oficial
1997-03-06,1.0,evolucion_moneda_oficial
1997-03-07,1.0,evolucion_moneda_oficial
1997-03-10,1.0,evolucion_moneda_oficial
1997-03-11,1.0,evolucion_moneda_oficial
1997-03-12,1.0,evolucion_moneda_oficial
1997-03-13,1.0,evolucion_moneda_oficial
1997-03-14,1.0,evolucion_moneda_oficial
1997-03-17,1.0,evolucion_moneda_oficial
1997-03-18,1.0,evolucion_moneda_oficial
1997-03-19,1.0,evolucion_moneda_oficial
1997-03-20,1.0,evolucion_moneda_oficial
1997-03-21,1.0,evolucion_moneda_oficial
1997-03-24,1.0,evolucion_moneda_oficial
1997-03-25,1.0,evolucion_moneda_oficial
1997-03-26,1.0,evolucion_moneda_oficial
1997-03-31,1.0,evolucion_moneda_oficial
1997-04-01,1.0,evolucion_moneda_oficial
1997-04-02,1.0,evolucion_moneda_oficial
1997-04-03,1.0,evolucion_moneda_oficial
1997-04-04,1.0,evolucion_moneda_oficial
1997-04-07,1.0,evolucion_moneda_oficial
1997-04-08,1.0,evolucion_moneda_oficial
1997-04-09,1.0,evolucion_moneda_oficial
1997-04-10,1.0,evolucion_moneda_oficial
1997-04-11,1.0,evolucion_moneda_oficial
1997-04-14,1.0,evolucion_moneda_oficial
1997-04-15,1.0,evolucion_moneda_oficial
1997-04-16,1.0,evolucion_moneda_oficial
1997-04-17,1.0,evolucion_moneda_oficial
1997-04-18,1.0,evolucion_moneda_oficial
1997-04-21,1.0,evolucion_moneda_oficial
1997-04-22,1.0,evolucion_moneda_oficial
1997-04-23,1.0,evolucion_moneda_oficial
1997-04-24,1.0,evolucion_moneda_oficial
1997-04-25,1.0,evolucion_moneda_oficial
1997-04-28,1.0,evolucion_moneda_oficial
1997-04-29,1.0,evolucion_moneda_oficial
1997-04-30,1.0,evolucion_moneda_oficial
1997-05-02,1.0,evolucion_moneda_oficial
1997-05-05,1.0,evolucion_moneda_oficial
1997-05-06,1.0,evolucion_moneda_oficial
1997-05-07,1.0,evolucion_moneda_oficial
1997-05-08,1.0,evolucion_moneda_oficial
1997-05-09,1.0,evolucion_moneda_oficial
1997-05-12,1.0,evolucion_moneda_oficial
1997-05-13,1.0,evolucion_moneda_oficial
1997-05-14,1.0,evolucion_moneda_oficial
1997-05-15,1.0,evolucion_moneda_oficial
1997-05-16,1.0,evolucion_moneda_oficial
1997-05-19,1.0,evolucion_moneda_oficial
1997-05-20,1.0,evolucion_moneda_oficial
1997-05-21,1.0,evolucion_moneda_oficial
1997-05-22,1.0,evolucion_moneda_oficial
1997-05-23,1.0,evolucion_moneda_oficial
1997-05-26,1.0,evolucion_moneda_oficial
1997-05-27,1.0,evolucion_moneda_oficial
1997-05-28,1.0,evolucion_moneda_oficial
1997-05-29,1.0,evolucion_moneda_oficial
1997-05-30,1.0,evolucion_moneda_oficial
1997-06-02,1.0,evolucion_moneda_oficial
1997-06-03,1.0,evolucion_moneda_oficial
1997-06-04,1.0,evolucion_moneda_oficial
1997-06-05,1.0,evolucion_moneda_oficial
1997-06-06,1.0,evolucion_moneda_oficial
1997-06-10,1.0,evolucion_moneda_oficial
1997-06-11,1.0,evolucion_moneda_oficial
1997-06-12,1.0,evolucion_moneda_oficial
1997-06-13,1.0,evolucion_moneda_oficial
1997-06-17,1.0,evolucion_moneda_oficial
1997-06-18,1.0,evolucion_moneda_oficial
1997-06-19,1.0,evolucion_moneda_oficial
1997-06-20,1.0,evolucion_moneda_oficial
1997-06-23,1.0,evolucion_moneda_oficial
1997-06-24,1.0,evolucion_moneda_oficial
1997-06-25,1.0,evolucion_moneda_oficial
1997-06-26,1.0,evolucion_moneda_oficial
1997-06-27,1.0,evolucion_moneda_oficial
1997-06-30,1.0,evolucion_moneda_oficial
1997-07-01,1.0,evolucion_moneda_oficial
1997-07-02,1.0,evolucion_moneda_oficial
1997-07-03,1.0,evolucion_moneda_oficial
1997-07-04,1.0,evolucion_moneda_oficial
1997-07-07,1.0,evolucion_moneda_oficial
1997-07-08,1.0,evolucion_moneda_oficial
1997-07-10,1.0,evolucion_moneda_oficial
1997-07-11,1.0,evolucion_moneda_oficial
1997-07-14,1.0,evolucion_moneda_oficial
1997-07-15,1.0,evolucion_moneda_oficial
1997-07-16,1.0,evolucion_moneda_oficial
1997-07-17,1.0,evolucion_moneda_oficial
1997-07-18,1.0,evolucion_moneda_oficial
1997-07-21,1.0,evolucion_moneda_oficial
1997-07-22,1.0,evolucion_moneda_oficial
1997-07-23,1.0,evolucion_moneda_oficial
1997-07-24,1.0,evolucion_moneda_oficial
1997-07-25,1.0,evolucion_moneda_oficial
1997-07-28,1.0,evolucion_moneda_oficial
1997-07-29,1.0,evolucion_moneda_oficial
1997-07-30,1.0,evolucion_moneda_oficial
1997-07-31,1.0,evolucion_moneda_oficial
1997-08-01,1.0,evolucion_moneda_oficial
1997-08-04,1.0,evolucion_moneda_oficial
1997-08-05,1.0,evolucion_moneda_oficial
1997-08-06,1.0,evolucion_moneda_oficial
1997-08-07,1.0,evolucion_moneda_oficial
1997-08-08,1.0,evolucion_moneda_oficial
1997-08-11,1.0,evolucion_moneda_oficial
1997-08-12,1.0,evolucion_moneda_oficial
1997-08-13,1.0,evolucion_moneda_oficial
1997-08-14,1.0,evolucion_moneda_oficial
1997-08-15,1.0,evolucion_moneda_oficial
1997-08-19,1.0,evolucion_moneda_oficial
1997-08-20,1.0,evolucion_moneda_oficial
1997-08-21,1.0,evolucion_moneda_oficial
1997-08-22,1.0,evolucion_moneda_oficial
1997-08-25,1.0,evolucion_moneda_oficial
1997-08-26,1.0,evolucion_moneda_oficial
1997-08-27,1.0,evolucion_moneda_oficial
1997-08-28,1.0,evolucion_moneda_oficial
1997-08-29,1.0,evolucion_moneda_oficial
1997-09-01,1.0,evolucion_moneda_oficial
1997-09-02,1.0,evolucion_moneda_oficial
1997-09-03,1.0,evolucion_moneda_oficial
1997-09-04,1.0,evolucion_moneda_oficial
1997-09-05,1.0,evolucion_moneda_oficial
1997-09-08,1.0,evolucion_moneda_oficial
1997-09-09,1.0,evolucion_moneda_oficial
1997-09-10,1.0,evolucion_moneda_oficial
1997-09-11,1.0,evolucion_moneda_oficial
1997-09-12,1.0,evolucion_moneda_oficial
1997-09-15,1.0,evolucion_moneda_oficial
1997-09-16,1.0,evolucion_moneda_oficial
1997-09-17,1.0,evolucion_moneda_oficial
1997-09-18,1.0,evolucion_moneda_oficial
1997-09-19,1.0,evolucion_moneda_oficial
1997-09-22,1.0,evolucion_moneda_oficial
1997-09-23,1.0,evolucion_moneda_oficial
1997-09-24,1.0,evolucion_moneda_oficial
1997-09-25,1.0,evolucion_moneda_oficial
1997-09-26,1.0,evolucion_moneda_oficial
1997-09-29,1.0,evolucion_moneda_oficial
1997-09-30,1.0,evolucion_moneda_oficial
1997-10-01,1.0,evolucion_moneda_oficial
1997-10-02,1.0,evolucion_moneda_oficial
1997-10-03,1.0,evolucion_moneda_oficial
1997-10-06,1.0,evolucion_moneda_oficial
1997-10-07,1.0,evolucion_moneda_oficial
1997-10-08,1.0,evolucion_moneda_oficial
1997-10-09,1.0,evolucion_moneda_oficial
1997-10-10,1.0,evolucion_moneda_oficial
1997-10-13,1.0,evolucion_moneda_oficial
1997-10-14,1.0,evolucion_moneda_oficial
1997-10-15,1.0,evolucion_moneda_oficial
1997-10-16,1.0,evolucion_moneda_oficial
1997-10-17,1.0,evolucion_moneda_oficial
1997-10-20,1.0,evolucion_moneda_oficial
1997-10-21,1.0,evolucion_moneda_oficial
1997-10-22,1.0,evolucion_moneda_oficial
1997-10-23,1.0,evolucion_moneda_oficial
1997-10-24,1.0,evolucion_moneda_oficial
1997-10-27,1.0,evolucion_moneda_oficial
1997-10-28,1.0,evolucion_moneda_oficial
1997-10-29,1.0,evolucion_moneda_oficial
1997-10-30,1.0,evolucion_moneda_oficial
1997-10-31,1.0,evolucion_moneda_oficial
1997-11-03,1.0,evolucion_moneda_oficial
1997-11-04,1.0,evolucion_moneda_oficial
1997-11-05,1.0,evolucion_moneda_oficial
1997-11-06,1.0,evolucion_moneda_oficial
1997-11-07,1.0,evolucion_moneda_oficial
1997-11-10,1.0,evolucion_moneda_oficial
1997-11-11,1.0,evolucion_moneda_oficial
1997-11-12,1.0,evolucion_moneda_oficial
1997-11-13,1.0,evolucion_moneda_oficial
1997-11-14,1.0,evolucion_moneda_oficial
1997-11-17,1.0,evolucion_moneda_oficial
1997-11-18,1.0,evolucion_moneda_oficial
1997-11-19,1.0,evolucion_moneda_oficial
1997-11-21,1.0,evolucion_moneda_oficial
1997-11-24,1.0,evolucion_moneda_oficial
1997-11-25,1.0,evolucion_moneda_oficial
1997-11-26,1.0,evolucion_moneda_oficial
1997-11-27,1.0,evolucion_moneda_oficial
1997-11-28,1.0,evolucion_moneda_oficial
1997-12-01,1.0,evolucion_moneda_oficial
1997-12-02,1.0,evolucion_moneda_oficial
1997-12-03,1.0,evolucion_moneda_oficial
1997-12-04,1.0,evolucion_moneda_oficial
1997-12-05,1.0,evolucion_moneda_oficial
1997-12-09,1.0,evolucion_moneda_oficial
1997-12-10,1.0,evolucion_moneda_oficial
1997-12-11,1.0,evolucion_moneda_oficial
1997-12-12,1.0,evolucion_moneda_oficial
1997-12-15,1.0,evolucion_moneda_oficial
1997-12-16,1.0,evolucion_moneda_oficial
1997-12-17,1.0,evolucion_moneda_oficial
1997-12-18,1.0,evolucion_moneda_oficial
1997-12-19,1.0,evolucion_moneda_oficial
1997-12-22,1.0,evolucion_moneda_oficial
1997-12-23,1.0,evolucion_moneda_oficial
1997-12-24,1.0,evolucion_moneda_oficial
1997-12-26,1.0,evolucion_moneda_oficial
1997-12-29,1.0,evolucion_moneda_oficial
1997-12-30,1.0,evolucion_moneda_oficial
1998-01-02,1.0,evolucion_moneda_oficial
1998-01-05,1.0,evolucion_moneda_oficial
1998-01-06,1.0,evolucion_moneda_oficial
1998-01-07,1.0,evolucion_moneda_oficial
1998-01-08,1.0,evolucion_moneda_oficial
1998-01-09,1.0,evolucion_moneda_oficial
1998-01-12,1.0,evolucion_moneda_oficial
1998-01-13,1.0,evolucion_moneda_oficial
1998-01-14,1.0,evolucion_moneda_oficial
1998-01-15,1.0,evolucion_moneda_oficial
1998-01-16,1.0,evolucion_moneda_oficial
1998-01-19,1.0,evolucion_moneda_oficial
1998-01-20,1.0,evolucion_moneda_oficial
1998-01-21,1.0,evolucion_moneda_oficial
1998-01-22,1.0,evolucion_moneda_oficial
1998-01-23,1.0,evolucion_moneda_oficial
1998-01-26,1.0,evolucion_moneda_oficial
1998-01-27,1.0,evolucion_moneda_oficial
1998-01-28,1.0,evolucion_moneda_oficial
1998-01-29,1.0,evolucion_moneda_oficial
1998-01-30,1.0,evolucion_moneda_oficial
1998-02-02,1.0,evolucion_moneda_oficial
1998-02-03,1.0,evolucion_moneda_oficial
1998-02-04,1.0,evolucion_moneda_oficial
1998-02-05,1.0,evolucion_moneda_oficial
1998-02-06,1.0,evolucion_moneda_oficial
1998-02-09,1.0,evolucion_moneda_oficial
1998-02-10,1.0,evolucion_moneda_oficial
1998-02-11,1.0,evolucion_moneda_oficial
1998-02-12,1.0,evolucion_moneda_oficial
1998-02-13,1.0,evolucion_moneda_oficial
1998-02-16,1.0,evolucion_moneda_oficial
1998-02-17,1.0,evolucion_moneda_oficial
1998-02-18,1.0,evolucion_moneda_oficial
1998-02-19,1.0,evolucion_moneda_oficial
1998-02-20,1.0,evolucion_moneda_oficial
1998-02-23,1.0,evolucion_moneda_oficial
1998-02-24,1.0,evolucion_moneda_oficial
1998-02-25,1.0,evolucion_moneda_oficial
1998-02-26,1.0,evolucion_moneda_oficial
1998-02-27,1.0,evolucion_moneda_oficial
1998-03-02,1.0,evolucion_moneda_oficial
1998-03-03,1.0,evolucion_moneda_oficial
1998-03-04,1.0,evolucion_moneda_oficial
1998-03-05,1.0,evolucion_moneda_oficial
1998-03-06,1.0,evolucion_moneda_oficial
1998-03-09,1.0,evolucion_moneda_oficial
1998-03-10,1.0,evolucion_moneda_oficial
1998-03-11,1.0,evolucion_moneda_oficial
1998-03-12,1.0,evolucion_moneda_oficial
1998-03-13,1.0,evolucion_moneda_oficial
1998-03-16,1.0,evolucion_moneda_oficial
1998-03-17,1.0,evolucion_moneda_oficial
1998-03-18,1.0,evolucion_moneda_oficial
1998-03-19,1.0,evolucion_moneda_oficial
1998-03-20,1.0,evolucion_moneda_oficial
1998-03-23,1.0,evolucion_moneda_oficial
1998-03-24,1.0,evolucion_moneda_oficial
1998-03-25,1.0,evolucion_moneda_oficial
1998-03-26,1.0,evolucion_moneda_oficial
1998-03-27,1.0,evolucion_moneda_oficial
1998-03-30,1.0,evolucion_moneda_oficial
1998-03-31,1.0,evolucion_moneda_oficial
1998-04-01,1.0,evolucion_moneda_oficial
1998-04-02,1.0,evolucion_moneda_oficial
1998-04-03,1.0,evolucion_moneda_oficial
1998-04-06,1.0,evolucion_moneda_oficial
1998-04-07,1.0,evolucion_moneda_oficial
1998-04-08,1.0,evolucion_moneda_oficial
1998-04-13,1.0,evolucion_moneda_oficial
1998-04-14,1.0,evolucion_moneda_oficial
1998-04-15,1.0,evolucion_moneda_oficial
1998-04-16,1.0,evolucion_moneda_oficial
1998-04-17,1.0,evolucion_moneda_oficial
1998-04-20,1.0,evolucion_moneda_oficial
1998-04-21,1.0,evolucion_moneda_oficial
1998-04-22,1.0,evolucion_moneda_oficial
1998-04-23,1.0,evolucion_moneda_oficial
1998-04-24,1.0,evolucion_moneda_oficial
1998-04-27,1.0,evolucion_moneda_oficial
1998-04-28,1.0,evolucion_moneda_oficial
1998-04-29,1.0,evolucion_moneda_oficial
1998-04-30,1.0,evolucion_moneda_oficial
1998-05-04,1.0,evolucion_moneda_oficial
1998-05-05,1.0,evolucion_moneda_oficial
1998-05-06,1.0,evolucion_moneda_oficial
1998-05-07,1.0,evolucion_moneda_oficial
1998-05-08,1.0,evolucion_moneda_oficial
1998-05-11,1.0,evolucion_moneda_oficial
1998-05-12,1.0,evolucion_moneda_oficial
1998-05-13,1.0,evolucion_moneda_oficial
1998-05-14,1.0,evolucion_moneda_oficial
1998-05-15,1.0,evolucion_moneda_oficial
1998-05-18,1.0,evolucion_moneda_oficial
1998-05-19,1.0,evolucion_moneda_oficial
1998-05-20,1.0,evolucion_moneda_oficial
1998-05-21,1.0,evolucion_moneda_oficial
1998-05-22,1.0,evolucion_moneda_oficial
1998-05-26,1.0,evolucion_moneda_oficial
1998-05-27,1.0,evolucion_moneda_oficial
1998-05-28,1.0,evolucion_moneda_oficial
1998-05-29,1.0,evolucion_moneda_oficial
1998-06-01,1.0,evolucion_moneda_oficial
1998-06-02,1.0,evolucion_moneda_oficial
1998-06-03,1.0,evolucion_moneda_oficial
1998-06-04,1.0,evolucion_moneda_oficial
1998-06-05,1.0,evolucion_moneda_oficial
1998-06-09,1.0,evolucion_moneda_oficial
1998-06-10,1.0,evolucion_moneda_oficial
1998-06-11,1.0,evolucion_moneda_oficial
1998-06-12,1.0,evolucion_moneda_oficial
1998-06-16,1.0,evolucion_moneda_oficial
1998-06-17,1.0,evolucion_moneda_oficial
1998-06-18,1.0,evolucion_moneda_oficial
1998-06-19,1.0,evolucion_moneda_oficial
1998-06-22,1.0,evolucion_moneda_oficial
1998-06-23,1.0,evolucion_moneda_oficial
1998-06-24,1.0,evolucion_moneda_oficial
1998-06-25,1.0,evolucion_moneda_oficial
1998-06-26,1.0,evolucion_moneda_oficial
1998-06-29,1.0,evolucion_moneda_oficial
1998-06-30,1.0,evolucion_moneda_oficial
1998-07-01,1.0,evolucion_moneda_oficial
1998-07-02,1.0,evolucion_moneda_oficial
1998-07-03,1.0,evolucion_moneda_oficial
1998-07-06,1.0,evolucion_moneda_oficial
1998-07-07,1.0,evolucion_moneda_oficial
1998-07-08,1.0,evolucion_moneda_oficial
1998-07-10,1.0,evolucion_moneda_oficial
1998-07-13,1.0,evolucion_moneda_oficial
1998-07-14,1.0,evolucion_moneda_oficial
1998-07-15,1.0,evolucion_moneda_oficial
1998-07-16,1.0,evolucion_moneda_oficial
1998-07-17,1.0,evolucion_moneda_oficial
1998-07-20,1.0,evolucion_moneda_oficial
1998-07-21,1.0,evolucion_moneda_oficial
1998-07-22,1.0,evolucion_moneda_oficial
1998-07-23,1.0,evolucion_moneda_oficial
1998-07-24,1.0,evolucion_moneda_oficial
1998-07-27,1.0,evolucion_moneda_oficial
1998-07-28,1.0,evolucion_moneda_oficial
1998-07-29,1.0,evolucion_moneda_oficial
1998-07-30,1.0,evolucion_moneda_oficial
1998-07-31,1.0,evolucion_moneda_oficial
1998-08-03,1.0,evolucion_moneda_oficial
1998-08-04,1.0,evolucion_moneda_oficial
1998-08-05,1.0,evolucion_moneda_oficial
1998-08-06,1.0,evolucion_moneda_oficial
1998-08-07,1.0,evolucion_moneda_oficial
1998-08-10,1.0,evolucion_moneda_oficial
1998-08-11,1.0,evolucion_moneda_oficial
1998-08-12,1.0,evolucion_moneda_oficial
1998-08-13,1.0,evolucion_moneda_oficial
1998-08-14,1.0,evolucion_moneda_oficial
1998-08-18,1.0,evolucion_moneda_oficial
1998-08-19,1.0,evolucion_moneda_oficial
1998-08-20,1.0,evolucion_moneda_oficial
1998-08-21,1.0,evolucion_moneda_oficial
1998-08-24,1.0,evolucion_moneda_oficial
1998-08-25,1.0,evolucion_moneda_oficial
1998-08-26,1.0,evolucion_moneda_oficial
1998-08-27,1.0,evolucion_moneda_oficial
1998-08-28,1.0,evolucion_moneda_oficial
1998-08-31,1.0,evolucion_moneda_oficial
1998-09-01,1.0,evolucion_moneda_oficial
1998-09-02,1.0,evolucion_moneda_oficial
1998-09-03,1.0,evolucion_moneda_oficial
1998-09-04,1.0,evolucion_moneda_oficial
1998-09-07,1.0,evolucion_moneda_oficial
1998-09-08,1.0,evolucion_moneda_oficial
1998-09-09,1.0,evolucion_moneda_oficial
1998-09-10,1.0,evolucion_moneda_oficial
1998-09-11,1.0,evolucion_moneda_oficial
1998-09-14,1.0,evolucion_moneda_oficial
1998-09-15,1.0,evolucion_moneda_oficial
1998-09-16,1.0,evolucion_moneda_oficial
1998-09-17,1.0,evolucion_moneda_oficial
1998-09-18,1.0,evolucion_moneda_oficial
1998-09-21,1.0,evolucion_moneda_oficial
1998-09-22,1.0,evolucion_moneda_oficial
1998-09-23,1.0,evolucion_moneda_oficial
1998-09-24,1.0,evolucion_moneda_oficial
1998-09-25,1.0,evolucion_moneda_oficial
1998-09-28,1.0,evolucion_moneda_oficial
1998-09-29,1.0,evolucion_moneda_oficial
1998-09-30,1.0,evolucion_moneda_oficial
1998-10-01,1.0,evolucion_moneda_oficial
1998-10-02,1.0,evolucion_moneda_oficial
1998-10-05,1.0,evolucion_moneda_oficial
1998-10-06,1.0,evolucion_moneda_oficial
1998-10-07,1.0,evolucion_moneda_oficial
1998-10-08,1.0,evolucion_moneda_oficial
1998-10-09,1.0,evolucion_moneda_oficial
1998-10-13,1.0,evolucion_moneda_oficial
1998-10-14,1.0,evolucion_moneda_oficial
1998-10-15,1.0,evolucion_moneda_oficial
1998-10-16,1.0,evolucion_moneda_oficial
1998-10-19,1.0,evolucion_moneda_oficial
1998-10-20,1.0,evolucion_moneda_oficial
1998-10-21,1.0,evolucion_moneda_oficial
1998-10-22,1.0,evolucion_moneda_oficial
1998-10-23,1.0,evolucion_moneda_oficial
1998-10-26,1.0,evolucion_moneda_oficial
1998-10-27,1.0,evolucion_moneda_oficial
1998-10-28,1.0,evolucion_moneda_oficial
1998-10-29,1.0,evolucion_moneda_oficial
1998-10-30,1.0,evolucion_moneda_oficial
1998-11-02,1.0,evolucion_moneda_oficial
1998-11-03,1.0,evolucion_moneda_oficial
1998-11-04,1.0,evolucion_moneda_oficial
1998-11-05,1.0,evolucion_moneda_oficial
1998-11-06,1.0,evolucion_moneda_oficial
1998-11-09,1.0,evolucion_moneda_oficial
1998-11-10,1.0,evolucion_moneda_oficial
1998-11-11,1.0,evolucion_moneda_oficial
1998-11-12,1.0,evolucion_moneda_oficial
1998-11-13,1.0,evolucion_moneda_oficial
1998-11-16,1.0,evolucion_moneda_oficial
1998-11-17,1.0,evolucion_moneda_oficial
1998-11-18,1.0,evolucion_moneda_oficial
1998-11-19,1.0,evolucion_moneda_oficial
1998-11-20,1.0,evolucion_moneda_oficial
1998-11-23,1.0,evolucion_moneda_oficial
1998-11-24,1.0,evolucion_moneda_oficial
1998-11-25,1.0,evolucion_moneda_oficial
1998-11-26,1.0,evolucion_moneda_oficial
1998-11-27,1.0,evolucion_moneda_oficial
1998-11-30,1.0,evolucion_moneda_oficial
1998-12-01,1.0,evolucion_moneda_oficial
1998-12-02,1.0,evolucion_moneda_oficial
1998-12-03,1.0,evolucion_moneda_oficial
1998-12-04,1.0,evolucion_moneda_oficial
1998-12-09,1.0,evolucion_moneda_oficial
1998-12-10,1.0,evolucion_moneda_oficial
1998-12-11,1.0,evolucion_moneda_oficial
1998-12-14,1.0,evolucion_moneda_oficial
1998-12-15,1.0,evolucion_moneda_oficial
1998-12-16,1.0,evolucion_moneda_oficial
1998-12-17,1.0,evolucion_moneda_oficial
1998-12-18,1.0,evolucion_moneda_oficial
1998-12-21,1.0,evolucion_moneda_oficial
1998-12-22,1.0,evolucion_moneda_oficial
1998-12-23,1.0,evolucion_moneda_oficial
1998-12-24,1.0,evolucion_moneda_oficial
1998-12-28,1.0,evolucion_moneda_oficial
1998-12-29,1.0,evolucion_moneda_oficial
1998-12-30,1.0,evolucion_moneda_oficial
1999-01-04,1.0,evolucion_moneda_oficial
1999-01-05,1.0,evolucion_moneda_oficial
1999-01-06,1.0,evolucion_moneda_oficial
1999-01-07,1.0,evolucion_moneda_oficial
1999-01-08,1.0,evolucion_moneda_oficial
1999-01-11,1.0,evolucion_moneda_oficial
1999-01-12,1.0,evolucion_moneda_oficial
1999-01-13,1.0,evolucion_moneda_oficial
1999-01-14,1.0,evolucion_moneda_oficial
1999-01-15,1.0,evolucion_moneda_oficial
1999-01-18,1.0,evolucion_moneda_oficial
1999-01-19,1.0,evolucion_moneda_oficial
1999-01-20,1.0,evolucion_moneda_oficial
1999-01-21,1.0,evolucion_moneda_oficial
1999-01-22,1.0,evolucion_moneda_oficial
1999-01-28,1.0,evolucion_moneda_oficial
1999-02-01,1.0,evolucion_moneda_oficial
1999-02-02,1.0,evolucion_moneda_oficial
1999-02-03,1.0,evolucion_moneda_oficial
1999-02-04,1.0,evolucion_moneda_oficial
1999-02-05,1.0,evolucion_moneda_oficial
1999-02-08,1.0,evolucion_moneda_oficial
1999-02-09,1.0,evolucion_moneda_oficial
1999-02-12,1.0,evolucion_moneda_oficial
1999-02-16,1.0,evolucion_moneda_oficial
1999-02-17,1.0,evolucion_moneda_oficial
1999-02-18,1.0,evolucion_moneda_oficial
1999-02-19,1.0,evolucion_moneda_oficial
1999-02-22,1.0,evolucion_moneda_oficial
1999-02-23,1.0,evolucion_moneda_oficial
1999-02-26,1.0,evolucion_moneda_oficial
1999-03-01,1.0,evolucion_moneda_oficial
1999-03-02,1.0,evolucion_moneda_oficial
1999-03-03,1.0,evolucion_moneda_oficial
1999-03-04,1.0,evolucion_moneda_oficial
1999-03-05,1.0,evolucion_moneda_oficial
1999-03-08,1.0,evolucion_moneda_oficial
1999-03-09,1.0,evolucion_moneda_oficial
1999-03-10,1.0,evolucion_moneda_oficial
1999-03-11,1.0,evolucion_moneda_oficial
1999-03-12,1.0,evolucion_moneda_oficial
1999-03-15,1.0,evolucion_moneda_oficial
1999-03-16,1.0,evolucion_moneda_oficial
1999-03-17,1.0,evolucion_moneda_oficial
1999-03-18,1.0,evolucion_moneda_oficial
1999-03-22,1.0,evolucion_moneda_oficial
1999-03-23,1.0,evolucion_moneda_oficial
1999-03-24,1.0,evolucion_moneda_oficial
1999-03-25,1.0,evolucion_moneda_oficial
1999-03-26,1.0,evolucion_moneda_oficial
1999-03-29,1.0,evolucion_moneda_oficial
1999-03-30,1.0,evolucion_moneda_oficial
1999-03-31,1.0,evolucion_moneda_oficial
1999-04-05,1.0,evolucion_moneda_oficial
1999-04-06,1.0,evolucion_moneda_oficial
1999-04-07,1.0,evolucion_moneda_oficial
1999-04-08,1.0,evolucion_moneda_oficial
1999-04-09,1.0,evolucion_moneda_oficial
1999-04-12,1.0,evolucion_moneda_oficial
1999-04-13,1.0,evolucion_moneda_oficial
1999-04-14,1.0,evolucion_moneda_oficial
1999-04-15,1.0,evolucion_moneda_oficial
1999-04-16,1.0,evolucion_moneda_oficial
1999-04-19,1.0,evolucion_moneda_oficial
1999-04-20,1.0,evolucion_moneda_oficial
1999-04-21,1.0,evolucion_moneda_oficial
1999-04-23,1.0,evolucion_moneda_oficial
1999-04-26,1.0,evolucion_moneda_oficial
1999-04-27,1.0,evolucion_moneda_oficial
1999-04-30,1.0,evolucion_moneda_oficial
1999-05-03,1.0,evolucion_moneda_oficial
1999-05-04,1.0,evolucion_moneda_oficial
1999-05-05,1.0,evolucion_moneda_oficial
1999-05-06,1.0,evolucion_moneda_oficial
1999-05-07,1.0,evolucion_moneda_oficial
1999-05-10,1.0,evolucion_moneda_oficial
1999-05-11,1.0,evolucion_moneda_oficial
1999-05-12,1.0,evolucion_moneda_oficial
1999-05-14,1.0,evolucion_moneda_oficial
1999-05-17,1.0,evolucion_moneda_oficial
1999-05-18,1.0,evolucion_moneda_oficial
1999-05-20,1.0,evolucion_moneda_oficial
1999-05-28,1.0,evolucion_moneda_oficial
1999-05-31,1.0,evolucion_moneda_oficial
1999-06-01,1.0,evolucion_moneda_oficial
1999-06-02,1.0,evolucion_moneda_oficial
1999-06-03,1.0,evolucion_moneda_oficial
1999-06-04,1.0,evolucion_moneda_oficial
1999-06-07,1.0,evolucion_moneda_oficial
1999-06-10,1.0,evolucion_moneda_oficial
1999-06-11,1.0,evolucion_moneda_oficial
1999-06-15,1.0,evolucion_moneda_oficial
1999-06-17,1.0,evolucion_moneda_oficial
1999-06-18,1.0,evolucion_moneda_oficial
1999-06-22,1.0,evolucion_moneda_oficial
1999-06-23,1.0,evolucion_moneda_oficial
1999-06-24,1.0,evolucion_moneda_oficial
1999-06-25,1.0,evolucion_moneda_oficial
1999-06-28,1.0,evolucion_moneda_oficial
1999-06-29,1.0,evolucion_moneda_oficial
1999-06-30,1.0,evolucion_moneda_oficial
1999-07-01,1.0,evolucion_moneda_oficial
1999-07-02,1.0,evolucion_moneda_oficial
1999-07-05,1.0,evolucion_moneda_oficial
1999-07-06,1.0,evolucion_moneda_oficial
1999-07-07,1.0,evolucion_moneda_oficial
1999-07-12,1.0,evolucion_moneda_oficial
1999-07-13,1.0,evolucion_moneda_oficial
1999-07-19,1.0,evolucion_moneda_oficial
1999-07-20,1.0,evolucion_moneda_oficial
1999-07-21,1.0,evolucion_moneda_oficial
1999-07-22,1.0,evolucion_moneda_oficial
1999-07-23,1.0,evolucion_moneda_oficial
1999-07-26,1.0,evolucion_moneda_oficial
1999-07-27,1.0,evolucion_moneda_oficial
1999-07-28,1.0,evolucion_moneda_oficial
1999-07-29,1.0,evolucion_moneda_oficial
1999-07-30,1.0,evolucion_moneda_oficial
1999-08-02,1.0,evolucion_moneda_oficial
1999-08-03,1.0,evolucion_moneda_oficial
1999-08-04,1.0,evolucion_moneda_oficial
1999-08-05,1.0,evolucion_moneda_oficial
1999-08-06,1.0,evolucion_moneda_oficial
1999-08-09,1.0,evolucion_moneda_oficial
1999-08-10,1.0,evolucion_moneda_oficial
1999-08-11,1.0,evolucion_moneda_oficial
1999-08-12,1.0,evolucion_moneda_oficial
1999-08-13,1.0,evolucion_moneda_oficial
1999-08-17,1.0,evolucion_moneda_oficial
1999-08-18,1.0,evolucion_moneda_oficial
1999-08-19,1.0,evolucion_moneda_oficial
1999-08-20,1.0,evolucion_moneda_oficial
1999-08-23,1.0,evolucion_moneda_oficial
1999-08-24,1.0,evolucion_moneda_oficial
1999-08-25,1.0,evolucion_moneda_oficial
1999-08-26,1.0,evolucion_moneda_oficial
1999-08-27,1.0,evolucion_moneda_oficial
1999-08-30,1.0,evolucion_moneda_oficial
1999-08-31,1.0,evolucion_moneda_oficial
1999-09-02,1.0,evolucion_moneda_oficial
1999-09-03,1.0,evolucion_moneda_oficial
1999-09-06,1.0,evolucion_moneda_oficial
1999-09-07,1.0,evolucion_moneda_oficial
1999-09-08,1.0,evolucion_moneda_oficial
1999-09-09,1.0,evolucion_moneda_oficial
1999-09-10,1.0,evolucion_moneda_oficial
1999-09-13,1.0,evolucion_moneda_oficial
1999-09-14,1.0,evolucion_moneda_oficial
1999-09-15,1.0,evolucion_moneda_oficial
1999-09-16,1.0,evolucion_moneda_oficial
1999-09-17,1.0,evolucion_moneda_oficial
1999-09-20,1.0,evolucion_moneda_oficial
1999-09-21,1.0,evolucion_moneda_oficial
1999-09-22,1.0,evolucion_moneda_oficial
1999-09-24,1.0,evolucion_moneda_oficial
1999-09-28,1.0,evolucion_moneda_oficial
1999-09-29,1.0,evolucion_moneda_oficial
1999-09-30,1.0,evolucion_moneda_oficial
1999-10-01,1.0,evolucion_moneda_oficial
1999-10-04,1.0,evolucion_moneda_oficial
1999-10-05,1.0,evolucion_moneda_oficial
1999-10-06,1.0,evolucion_moneda_oficial
1999-10-07,1.0,evolucion_moneda_oficial
1999-10-08,1.0,evolucion_moneda_oficial
1999-10-12,1.0,evolucion_moneda_oficial
1999-10-13,1.0,evolucion_moneda_oficial
1999-10-14,1.0,evolucion_moneda_oficial
1999-10-19,1.0,evolucion_moneda_oficial
1999-10-20,1.0,evolucion_moneda_oficial
1999-10-21,1.0,evolucion_moneda_oficial
1999-10-22,1.0,evolucion_moneda_oficial
1999-10-25,1.0,evolucion_moneda_oficial
1999-10-26,1.0,evolucion_moneda_oficial
1999-10-27,1.0,evolucion_moneda_oficial
1999-10-28,1.0,evolucion_moneda_oficial
1999-11-01,1.0,evolucion_moneda_oficial
1999-11-02,1.0,evolucion_moneda_oficial
1999-11-03,1.0,evolucion_moneda_oficial
1999-11-04,1.0,evolucion_moneda_oficial
1999-11-05,1.0,evolucion_moneda_oficial
1999-11-08,1.0,evolucion_moneda_oficial
1999-11-09,1.0,evolucion_moneda_oficial
1999-11-10,1.0,evolucion_moneda_oficial
1999-11-11,1.0,evolucion_moneda_oficial
1999-11-12,1.0,evolucion_moneda_oficial
1999-11-15,1.0,evolucion_moneda_oficial
1999-11-16,1.0,evolucion_moneda_oficial
1999-11-17,1.0,evolucion_moneda_oficial
1999-11-18,1.0,evolucion_moneda_oficial
1999-11-19,1.0,evolucion_moneda_oficial
1999-11-22,1.0,evolucion_moneda_oficial
1999-11-23,1.0,evolucion_moneda_oficial
1999-11-24,1.0,evolucion_moneda_oficial
1999-11-25,1.0,evolucion_moneda_oficial
1999-11-26,1.0,evolucion_moneda_oficial
1999-11-29,1.0,evolucion_moneda_oficial
1999-11-30,1.0,evolucion_moneda_oficial
1999-12-01,1.0,evolucion_moneda_oficial
1999-12-02,1.0,evolucion_moneda_oficial
1999-12-03,1.0,evolucion_moneda_oficial
1999-12-06,1.0,evolucion_moneda_oficial
1999-12-07,1.0,evolucion_moneda_oficial
1999-12-09,1.0,evolucion_moneda_oficial
1999-12-10,1.0,evolucion_moneda_oficial
1999-12-13,1.0,evolucion_moneda_oficial
1999-12-14,1.0,evolucion_moneda_oficial
1999-12-15,1.0,evolucion_moneda_oficial
1999-12-16,1.0,evolucion_moneda_oficial
1999-12-17,1.0,evolucion_moneda_oficial
1999-12-20,1.0,evolucion_moneda_oficial
1999-12-21,1.0,evolucion_moneda_oficial
1999-12-22,1.0,evolucion_moneda_oficial
1999-12-23,1.0,evolucion_moneda_oficial
1999-12-24,1.0,evolucion_moneda_oficial
1999-12-27,1.0,evolucion_moneda_oficial
1999-12-28,1.0,evolucion_moneda_oficial
1999-12-29,1.0,evolucion_moneda_oficial
1999-12-30,1.0,evolucion_moneda_oficial
2000-01-03,1.0,evolucion_moneda_oficial
2000-01-04,1.0,evolucion_moneda_oficial
2000-01-05,1.0,evolucion_moneda_oficial
2000-01-06,1.0,evolucion_moneda_oficial
2000-01-07,1.0,evolucion_moneda_oficial
2000-01-12,1.0,evolucion_moneda_oficial
2000-01-13,1.0,evolucion_moneda_oficial
2000-01-14,1.0,evolucion_moneda_oficial
2000-01-17,1.0,evolucion_moneda_oficial
2000-01-18,1.0,evolucion_moneda_oficial
2000-01-20,1.0,evolucion_moneda_oficial
2000-01-21,1.0,evolucion_moneda_oficial
2000-01-24,1.0,evolucion_moneda_oficial
2000-01-25,1.0,evolucion_moneda_oficial
2000-01-26,1.0,evolucion_moneda_oficial
2000-01-27,1.0,evolucion_moneda_oficial
2000-01-28,1.0,evolucion_moneda_oficial
2000-01-29,1.0,evolucion_moneda_oficial
2000-02-01,1.0,evolucion_moneda_oficial
2000-02-02,1.0,evolucion_moneda_oficial
2000-02-03,1.0,evolucion_moneda_oficial
2000-02-04,1.0,evolucion_moneda_oficial
2000-02-07,1.0,evolucion_moneda_oficial
2000-02-08,1.0,evolucion_moneda_oficial
2000-02-09,1.0,evolucion_moneda_oficial
2000-02-10,1.0,evolucion_moneda_oficial
2000-02-11,1.0,evolucion_moneda_oficial
2000-02-14,1.0,evolucion_moneda_oficial
2000-02-15,1.0,evolucion_moneda_oficial
2000-02-16,1.0,evolucion_moneda_oficial
2000-02-17,1.0,evolucion_moneda_oficial
2000-02-18,1.0,evolucion_moneda_oficial
2000-02-21,1.0,evolucion_moneda_oficial
2000-02-22,1.0,evolucion_moneda_oficial
2000-02-23,1.0,evolucion_moneda_oficial
2000-02-24,1.0,evolucion_moneda_oficial
2000-02-25,1.0,evolucion_moneda_oficial
2000-02-28,1.0,evolucion_moneda_oficial
2000-02-29,1.0,evolucion_moneda_oficial
2000-03-01,1.0,evolucion_moneda_oficial
2000-03-02,1.0,evolucion_moneda_oficial
2000-03-03,1.0,evolucion_moneda_oficial
2000-03-06,1.0,evolucion_moneda_oficial
2000-03-07,1.0,evolucion_moneda_oficial
2000-03-08,1.0,evolucion_moneda_oficial
2000-03-09,1.0,evolucion_moneda_oficial
2000-03-10,1.0,evolucion_moneda_oficial
2000-03-13,1.0,evolucion_moneda_oficial
2000-03-14,1.0,evolucion_moneda_oficial
2000-03-15,1.0,evolucion_moneda_oficial
2000-03-16,1.0,evolucion_moneda_oficial
2000-03-17,1.0,evolucion_moneda_oficial
2000-03-20,1.0,evolucion_moneda_oficial
2000-03-21,1.0,evolucion_moneda_oficial
2000-03-22,1.0,evolucion_moneda_oficial
2000-03-23,1.0,evolucion_moneda_oficial
2000-03-24,1.0,evolucion_moneda_oficial
2000-03-27,1.0,evolucion_moneda_oficial
2000-03-28,1.0,evolucion_moneda_oficial
2000-03-29,1.0,evolucion_moneda_oficial
2000-03-30,1.0,evolucion_moneda_oficial
2000-03-31,1.0,evolucion_moneda_oficial
2000-04-03,1.0,evolucion_moneda_oficial
2000-04-04,1.0,evolucion_moneda_oficial
2000-04-05,1.0,evolucion_moneda_oficial
2000-04-06,1.0,evolucion_moneda_oficial
2000-04-07,1.0,evolucion_moneda_oficial
2000-04-10,1.0,evolucion_moneda_oficial
2000-04-11,1.0,evolucion_moneda_oficial
2000-04-12,1.0,evolucion_moneda_oficial
2000-04-13,1.0,evolucion_moneda_oficial
2000-04-14,1.0,evolucion_moneda_oficial
2000-04-17,1.0,evolucion_moneda_oficial
2000-04-18,1.0,evolucion_moneda_oficial
2000-04-19,1.0,evolucion_moneda_oficial
2000-04-24,1.0,evolucion_moneda_oficial
2000-04-25,1.0,evolucion_moneda_oficial
2000-04-26,1.0,evolucion_moneda_oficial
2000-04-27,1.0,evolucion_moneda_oficial
2000-04-28,1.0,evolucion_moneda_oficial
2000-05-02,1.0,evolucion_moneda_oficial
2000-05-03,1.0,evolucion_moneda_oficial
2000-05-04,1.0,evolucion_moneda_oficial
2000-05-05,1.0,evolucion_moneda_oficial
2000-05-08,1.0,evolucion_moneda_oficial
2000-05-16,1.0,evolucion_moneda_oficial
2000-05-17,1.0,evolucion_moneda_oficial
2000-05-18,1.0,evolucion_moneda_oficial
2000-05-19,1.0,evolucion_moneda_oficial
2000-05-22,1.0,evolucion_moneda_oficial
2000-05-23,1.0,evolucion_moneda_oficial
2000-05-24,1.0,evolucion_moneda_oficial
2000-05-26,1.0,evolucion_moneda_oficial
2000-05-29,1.0,evolucion_moneda_oficial
2000-05-30,1.0,evolucion_moneda_oficial
2000-05-31,1.0,evolucion_moneda_oficial
2000-06-01,1.0,evolucion_moneda_oficial
2000-06-02,1.0,evolucion_moneda_oficial
2000-06-05,1.0,evolucion_moneda_oficial
2000-06-06,1.0,evolucion_moneda_oficial
2000-06-07,1.0,evolucion_moneda_oficial
2000-06-08,1.0,evolucion_moneda_oficial
2000-06-09,1.0,evolucion_moneda_oficial
2000-06-12,1.0,evolucion_moneda_oficial
2000-06-13,1.0,evolucion_moneda_oficial
2000-06-14,1.0,evolucion_moneda_oficial
2000-06-15,1.0,evolucion_moneda_oficial
2000-06-16,1.0,evolucion_moneda_oficial
2000-06-20,1.0,evolucion_moneda_oficial
2000-06-21,1.0,evolucion_moneda_oficial
2000-06-22,1.0,evolucion_moneda_oficial
2000-06-23,1.0,evolucion_moneda_oficial
2000-06-26,1.0,evolucion_moneda_oficial
2000-06-27,1.0,evolucion_moneda_oficial
2000-06-28,1.0,evolucion_moneda_oficial
2000-06-29,1.0,evolucion_moneda_oficial
2000-06-30,1.0,evolucion_moneda_oficial
2000-07-03,1.0,evolucion_moneda_oficial
2000-07-04,1.0,evolucion_moneda_oficial
2000-07-05,1.0,evolucion_moneda_oficial
2000-07-06,1.0,evolucion_moneda_oficial
2000-07-07,1.0,evolucion_moneda_oficial
2000-07-10,1.0,evolucion_moneda_oficial
2000-07-11,1.0,evolucion_moneda_oficial
2000-07-12,1.0,evolucion_moneda_oficial
2000-07-17,1.0,evolucion_moneda_oficial
2000-07-18,1.0,evolucion_moneda_oficial
2000-07-19,1.0,evolucion_moneda_oficial
2000-07-20,1.0,evolucion_moneda_oficial
2000-07-21,1.0,evolucion_moneda_oficial
2000-07-24,1.0,evolucion_moneda_oficial
2000-07-27,1.0,evolucion_moneda_oficial
2000-07-28,1.0,evolucion_moneda_oficial
2000-07-31,1.0,evolucion_moneda_oficial
2000-08-01,1.0,evolucion_moneda_oficial
2000-08-02,1.0,evolucion_moneda_oficial
2000-08-03,1.0,evolucion_moneda_oficial
2000-08-04,1.0,evolucion_moneda_oficial
2000-08-07,1.0,evolucion_moneda_oficial
2000-08-09,1.0,evolucion_moneda_oficial
2000-08-10,1.0,evolucion_moneda_oficial
2000-08-11,1.0,evolucion_moneda_oficial
2000-08-14,1.0,evolucion_moneda_oficial
2000-08-15,1.0,evolucion_moneda_oficial
2000-08-16,1.0,evolucion_moneda_oficial
2000-08-17,1.0,evolucion_moneda_oficial
2000-08-18,1.0,evolucion_moneda_oficial
2000-08-22,1.0,evolucion_moneda_oficial
2000-08-23,1.0,evolucion_moneda_oficial
2000-08-24,1.0,evolucion_moneda_oficial
2000-08-25,1.0,evolucion_moneda_oficial
2000-08-29,1.0,evolucion_moneda_oficial
2000-08-30,1.0,evolucion_moneda_oficial
2000-08-31,1.0,evolucion_moneda_oficial
2000-09-01,1.0,evolucion_moneda_oficial
2000-09-04,1.0,evolucion_moneda_oficial
2000-09-05,1.0,evolucion_moneda_oficial
2000-09-06,1.0,evolucion_moneda_oficial
2000-09-07,1.0,evolucion_moneda_oficial
2000-09-08,1.0,evolucion_moneda_oficial
2000-09-11,1.0,evolucion_moneda_oficial
2000-09-12,1.0,evolucion_moneda_oficial
2000-09-13,1.0,evolucion_moneda_oficial
2000-09-14,1.0,evolucion_moneda_oficial
2000-09-15,1.0,evolucion_moneda_oficial
2000-09-18,1.0,evolucion_moneda_oficial
2000-09-19,1.0,evolucion_moneda_oficial
2000-09-20,1.0,evolucion_moneda_oficial
2000-09-21,1.0,evolucion_moneda_oficial
2000-09-22,1.0,evolucion_moneda_oficial
2000-09-25,1.0,evolucion_moneda_oficial
2000-09-26,1.0,evolucion_moneda_oficial
2000-09-27,1.0,evolucion_moneda_oficial
2000-09-28,1.0,evolucion_moneda_oficial
2000-09-29,1.0,evolucion_moneda_oficial
2000-10-02,1.0,evolucion_moneda_oficial
2000-10-03,1.0,evolucion_moneda_oficial
2000-10-04,1.0,evolucion_moneda_oficial
2000-10-05,1.0,evolucion_moneda_oficial
2000-10-06,1.0,evolucion_moneda_oficial
2000-10-09,1.0,evolucion_moneda_oficial
2000-10-10,1.0,evolucion_moneda_oficial
2000-10-11,1.0,evolucion_moneda_oficial
2000-10-12,1.0,evolucion_moneda_oficial
2000-10-13,1.0,evolucion_moneda_oficial
2000-10-17,1.0,evolucion_moneda_oficial
2000-10-18,1.0,evolucion_moneda_oficial
2000-10-19,1.0,evolucion_moneda_oficial
2000-10-20,1.0,evolucion_moneda_oficial
2000-10-23,1.0,evolucion_moneda_oficial
2000-10-24,1.0,evolucion_moneda_oficial
2000-10-25,1.0,evolucion_moneda_oficial
2000-10-26,1.0,evolucion_moneda_oficial
2000-10-31,1.0,evolucion_moneda_oficial
2000-11-01,1.0,evolucion_moneda_oficial
2000-11-02,1.0,evolucion_moneda_oficial
2000-11-03,1.0,evolucion_moneda_oficial
2000-11-07,1.0,evolucion_moneda_oficial
2000-11-08,1.0,evolucion_moneda_oficial
2000-11-09,1.0,evolucion_moneda_oficial
2000-11-10,1.0,evolucion_moneda_oficial
2000-11-13,1.0,evolucion_moneda_oficial
2000-11-14,1.0,evolucion_moneda_oficial
2000-11-15,1.0,evolucion_moneda_oficial
2000-11-16,1.0,evolucion_moneda_oficial
2000-11-17,1.0,evolucion_moneda_oficial
2000-11-20,1.0,evolucion_moneda_oficial
2000-11-21,1.0,evolucion_moneda_oficial
2000-11-22,1.0,evolucion_moneda_oficial
2000-11-23,1.0,evolucion_moneda_oficial
2000-11-27,1.0,evolucion_moneda_oficial
2000-11-28,1.0,evolucion_moneda_oficial
2000-11-29,1.0,evolucion_moneda_oficial
2000-11-30,1.0,evolucion_moneda_oficial
2000-12-01,1.0,evolucion_moneda_oficial
2000-12-04,1.0,evolucion_moneda_oficial
2000-12-05,1.0,evolucion_moneda_oficial
2000-12-06,1.0,evolucion_moneda_oficial
2000-12-07,1.0,evolucion_moneda_oficial
2000-12-11,1.0,evolucion_moneda_oficial
2000-12-12,1.0,evolucion_moneda_oficial
2000-12-13,1.0,evolucion_moneda_oficial
2000-12-19,1.0,evolucion_moneda_oficial
2000-12-20,1.0,evolucion_moneda_oficial
2000-12-21,1.0,evolucion_moneda_oficial
2000-12-22,1.0,evolucion_moneda_oficial
2000-12-26,1.0,evolucion_moneda_oficial
2000-12-27,1.0,evolucion_moneda_oficial
2000-12-28,1.0,evolucion_moneda_oficial
2000-12-29,1.0,evolucion_moneda_oficial
2001-01-02,1.0,evolucion_moneda_oficial
2001-01-04,1.0,evolucion_moneda_oficial
2001-01-05,1.0,evolucion_moneda_oficial
2001-01-08,1.0,evolucion_moneda_oficial
2001-01-09,1.0,evolucion_moneda_oficial
2001-01-10,1.0,evolucion_moneda_oficial
2001-01-11,1.0,evolucion_moneda_oficial
2001-01-12,1.0,evolucion_moneda_oficial
2001-01-15,1.0,evolucion_moneda_oficial
2001-01-17,1.0,evolucion_moneda_oficial
2001-01-24,1.0,evolucion_moneda_oficial
2001-01-26,1.0,evolucion_moneda_oficial
2001-01-29,1.0,evolucion_moneda_oficial
2001-01-30,1.0,evolucion_moneda_oficial
2001-01-31,1.0,evolucion_moneda_oficial
2001-02-01,1.0,evolucion_moneda_oficial
2001-02-05,1.0,evolucion_moneda_oficial
2001-02-06,1.0,evolucion_moneda_oficial
2001-02-07,1.0,evolucion_moneda_oficial
2001-02-08,1.0,evolucion_moneda_oficial
2001-02-09,1.0,evolucion_moneda_oficial
2001-02-12,1.0,evolucion_moneda_oficial
2001-02-13,1.0,evolucion_moneda_oficial
2001-02-15,1.0,evolucion_moneda_oficial
2001-02-16,1.0,evolucion_moneda_oficial
2001-02-23,1.0,evolucion_moneda_oficial
2001-02-26,1.0,evolucion_moneda_oficial
2001-02-27,1.0,evolucion_moneda_oficial
2001-02-28,1.0,evolucion_moneda_oficial
2001-03-01,1.0,evolucion_moneda_oficial
2001-03-02,1.0,evolucion_moneda_oficial
2001-03-05,1.0,evolucion_moneda_oficial
2001-03-06,1.0,evolucion_moneda_oficial
2001-03-07,1.0,evolucion_moneda_oficial
2001-03-08,1.0,evolucion_moneda_oficial
2001-03-09,1.0,evolucion_moneda_oficial
2001-03-12,1.0,evolucion_moneda_oficial
2001-03-13,1.0,evolucion_moneda_oficial
2001-03-14,1.0,evolucion_moneda_oficial
2001-03-15,1.0,evolucion_moneda_oficial
2001-03-16,1.0,evolucion_moneda_oficial
2001-03-19,1.0,evolucion_moneda_oficial
2001-03-20,1.0,evolucion_moneda_oficial
2001-03-22,1.0,evolucion_moneda_oficial
2001-03-23,1.0,evolucion_moneda_oficial
2001-03-26,1.0,evolucion_moneda_oficial
2001-03-27,1.0,evolucion_moneda_oficial
2001-03-28,1.0,evolucion_moneda_oficial
2001-03-30,1.0,evolucion_moneda_oficial
2001-04-03,1.0,evolucion_moneda_oficial
2001-04-04,1.0,evolucion_moneda_oficial
2001-04-05,1.0,evolucion_moneda_oficial
2001-04-06,1.0,evolucion_moneda_oficial
2001-04-09,1.0,evolucion_moneda_oficial
2001-04-10,1.0,evolucion_moneda_oficial
2001-04-11,1.0,evolucion_moneda_oficial
2001-04-16,1.0,evolucion_moneda_oficial
2001-04-17,1.0,evolucion_moneda_oficial
2001-04-18,1.0,evolucion_moneda_oficial
2001-04-19,1.0,evolucion_moneda_oficial
2001-04-20,1.0,evolucion_moneda_oficial
2001-04-23,1.0,evolucion_moneda_oficial
2001-04-24,1.0,evolucion_moneda_oficial
2001-04-25,1.0,evolucion_moneda_oficial
2001-04-26,1.0,evolucion_moneda_oficial
2001-04-30,1.0,evolucion_moneda_oficial
2001-05-02,1.0,evolucion_moneda_oficial
2001-05-03,1.0,evolucion_moneda_oficial
2001-05-04,1.0,evolucion_moneda_oficial
2001-05-07,1.0,evolucion_moneda_oficial
2001-05-08,1.0,evolucion_moneda_oficial
2001-05-09,1.0,evolucion_moneda_oficial
2001-05-10,1.0,evolucion_moneda_oficial
2001-05-11,1.0,evolucion_moneda_oficial
2001-05-16,1.0,evolucion_moneda_oficial
2001-05-17,1.0,evolucion_moneda_oficial
2001-05-18,1.0,evolucion_moneda_oficial
2001-05-21,1.0,evolucion_moneda_oficial
2001-05-22,1.0,evolucion_moneda_oficial
2001-05-24,1.0,evolucion_moneda_oficial
2001-05-28,1.0,evolucion_moneda_oficial
2001-05-29,1.0,evolucion_moneda_oficial
2001-05-30,1.0,evolucion_moneda_oficial
2001-05-31,1.0,evolucion_moneda_oficial
2001-06-01,1.0,evolucion_moneda_oficial
2001-06-06,1.0,evolucion_moneda_oficial
2001-06-07,1.0,evolucion_moneda_oficial
2001-06-08,1.0,evolucion_moneda_oficial
2001-06-12,1.0,evolucion_moneda_oficial
2001-06-13,1.0,evolucion_moneda_oficial
2001-06-14,1.0,evolucion_moneda_oficial
2001-06-15,1.0,evolucion_moneda_oficial
2001-06-19,1.0,evolucion_moneda_oficial
2001-06-20,1.0,evolucion_moneda_oficial
2001-06-21,1.0,evolucion_moneda_oficial
2001-06-22,1.0,evolucion_moneda_oficial
2001-06-25,1.0,evolucion_moneda_oficial
2001-06-26,1.0,evolucion_moneda_oficial
2001-06-27,1.0,evolucion_moneda_oficial
2001-06-28,1.0,evolucion_moneda_oficial
2001-06-29,1.0,evolucion_moneda_oficial
2001-07-02,1.0,evolucion_moneda_oficial
2001-07-03,1.0,evolucion_moneda_oficial
2001-07-04,1.0,evolucion_moneda_oficial
2001-07-05,1.0,evolucion_moneda_oficial
2001-07-06,1.0,evolucion_moneda_oficial
2001-07-10,1.0,evolucion_moneda_oficial
2001-07-11,1.0,evolucion_moneda_oficial
2001-07-12,1.0,evolucion_moneda_oficial
2001-07-13,1.0,evolucion_moneda_oficial
2001-07-16,1.0,evolucion_moneda_oficial
2001-07-17,1.0,evolucion_moneda_oficial
2001-07-18,1.0,evolucion_moneda_oficial
2001-07-19,1.0,evolucion_moneda_oficial
2001-07-20,1.0,evolucion_moneda_oficial
2001-07-23,1.0,evolucion_moneda_oficial
2001-07-24,1.0,evolucion_moneda_oficial
2001-07-25,1.0,evolucion_moneda_oficial
2001-07-26,1.0,evolucion_moneda_oficial
2001-07-27,1.0,evolucion_moneda_oficial
2001-07-30,1.0,evolucion_moneda_oficial
2001-07-31,1.0,evolucion_moneda_oficial
2001-08-01,1.0,evolucion_moneda_oficial
2001-08-02,1.0,evolucion_moneda_oficial
2001-08-03,1.0,evolucion_moneda_oficial
2001-08-06,1.0,evolucion_moneda_oficial
2001-08-07,1.0,evolucion_moneda_oficial
2001-08-08,1.0,evolucion_moneda_oficial
2001-08-09,1.0,evolucion_moneda_oficial
2001-08-10,1.0,evolucion_moneda_oficial
2001-08-13,1.0,evolucion_moneda_oficial
2001-08-14,1.0,evolucion_moneda_oficial
2001-08-15,1.0,evolucion_moneda_oficial
2001-08-16,1.0,evolucion_moneda_oficial
2001-08-17,1.0,evolucion_moneda_oficial
2001-08-21,1.0,evolucion_moneda_oficial
2001-08-22,1.0,evolucion_moneda_oficial
2001-08-23,1.0,evolucion_moneda_oficial
2001-08-24,1.0,evolucion_moneda_oficial
2001-08-27,1.0,evolucion_moneda_oficial
2001-08-28,1.0,evolucion_moneda_oficial
2001-08-29,1.0,evolucion_moneda_oficial
2001-08-30,1.0,evolucion_moneda_oficial
2001-08-31,1.0,evolucion_moneda_oficial
2001-09-03,1.0,evolucion_moneda_oficial
2001-09-04,1.0,evolucion_moneda_oficial
2001-09-05,1.0,evolucion_moneda_oficial
2001-09-06,1.0,evolucion_moneda_oficial
2001-09-07,1.0,evolucion_moneda_oficial
2001-09-10,1.0,evolucion_moneda_oficial
2001-09-12,1.0,evolucion_moneda_oficial
2001-09-13,1.0,evolucion_moneda_oficial
2001-09-14,1.0,evolucion_moneda_oficial
2001-09-17,1.0,evolucion_moneda_oficial
2001-09-18,1.0,evolucion_moneda_oficial
2001-09-19,1.0,evolucion_moneda_oficial
2001-09-21,1.0,evolucion_moneda_oficial
2001-09-24,1.0,evolucion_moneda_oficial
2001-09-25,1.0,evolucion_moneda_oficial
2001-09-26,1.0,evolucion_moneda_oficial
2001-09-27,1.0,evolucion_moneda_oficial
2001-09-28,1.0,evolucion_moneda_oficial
2001-10-01,1.0,evolucion_moneda_oficial
2001-10-02,1.0,evolucion_moneda_oficial
2001-10-03,1.0,evolucion_moneda_oficial
2001-10-09,1.0,evolucion_moneda_oficial
2001-10-10,1.0,evolucion_moneda_oficial
2001-10-11,1.0,evolucion_moneda_oficial
2001-10-12,1.0,evolucion_moneda_oficial
2001-10-15,1.0,evolucion_moneda_oficial
2001-10-16,1.0,evolucion_moneda_oficial
2001-10-17,1.0,evolucion_moneda_oficial
2001-10-18,1.0,evolucion_moneda_oficial
2001-10-19,1.0,evolucion_moneda_oficial
2001-10-24,1.0,evolucion_moneda_oficial
2001-10-25,1.0,evolucion_moneda_oficial
2001-10-26,1.0,evolucion_moneda_oficial
2001-10-29,1.0,evolucion_moneda_oficial
2001-10-30,1.0,evolucion_moneda_oficial
2001-10-31,1.0,evolucion_moneda_oficial
2001-11-01,1.0,evolucion_moneda_oficial
2001-11-02,1.0,evolucion_moneda_oficial
2001-11-05,1.0,evolucion_moneda_oficial
2001-11-07,1.0,evolucion_moneda_oficial
2001-11-08,1.0,evolucion_moneda_oficial
2001-11-09,1.0,evolucion_moneda_oficial
2001-11-12,1.0,evolucion_moneda_oficial
2001-11-13,1.0,evolucion_moneda_oficial
2001-11-15,1.0,evolucion_moneda_oficial
2001-11-19,1.0,evolucion_moneda_oficial
2001-11-20,1.0,evolucion_moneda_oficial
2001-11-22,1.0,evolucion_moneda_oficial
2001-11-23,1.0,evolucion_moneda_oficial
2001-11-26,1.0,evolucion_moneda_oficial
2001-11-27,1.0,evolucion_moneda_oficial
2001-11-28,1.0,evolucion_moneda_oficial
2001-11-29,1.0,evolucion_moneda_oficial
2001-12-03,1.0,evolucion_moneda_oficial
2001-12-04,1.0,evolucion_moneda_oficial
2001-12-05,1.0,evolucion_moneda_oficial
2001-12-06,1.0,evolucion_moneda_oficial
2001-12-07,1.0,evolucion_moneda_oficial
2001-12-10,1.0,evolucion_moneda_oficial
2001-12-11,1.0,evolucion_moneda_oficial
2001-12-12,1.0,evolucion_moneda_oficial
2001-12-14,1.0,evolucion_moneda_oficial
2001-12-18,1.0,evolucion_moneda_oficial
2001-12-19,1.0,evolucion_moneda_oficial
2001-12-20,1.0,evolucion_moneda_oficial
2002-01-11,1.6,evolucion_moneda_oficial
2002-01-14,1.6,evolucion_moneda_oficial
2002-01-15,1.7,evolucion_moneda_oficial
2002-01-16,1.9,evolucion_moneda_oficial
2002-01-17,1.9,evolucion_moneda_oficial
2002-01-18,1.95,evolucion_moneda_oficial
2002-01-21,1.95,evolucion_moneda_oficial
2002-01-22,1.95,evolucion_moneda_oficial
2002-01-23,1.95,evolucion_moneda_oficial
2002-01-24,1.95,evolucion_moneda_oficial
2002-01-25,1.95,evolucion_moneda_oficial
2002-01-28,2.07,evolucion_moneda_oficial
2002-01-29,2.05,evolucion_moneda_oficial
2002-01-30,2.05,evolucion_moneda_oficial
2002-01-31,2.05,evolucion_moneda_oficial
2002-02-01,2.05,evolucion_moneda_oficial
2002-02-11,1.95,evolucion_moneda_oficial
2002-02-12,1.85,evolucion_moneda_oficial
2002-02-13,1.7,evolucion_moneda_oficial
2002-02-14,1.8,evolucion_moneda_oficial
2002-02-15,1.8,evolucion_moneda_oficial
2002-02-18,2.0,evolucion_moneda_oficial
2002-02-19,2.1,evolucion_moneda_oficial
2002-02-20,2.1,evolucion_moneda_oficial
2002-02-21,2.0,evolucion_moneda_oficial
2002-02-22,2.1,evolucion_moneda_oficial
2002-02-25,2.1,evolucion_moneda_oficial
2002-02-26,2.1,evolucion_moneda_oficial
2002-02-27,2.15,evolucion_moneda_oficial
2002-02-28,2.15,evolucion_moneda_oficial
2002-03-01,2.1,evolucion_moneda_oficial
2002-03-04,2.05,evolucion_moneda_oficial
2002-03-05,2.05,evolucion_moneda_oficial
2002-03-06,2.15,evolucion_moneda_oficial
2002-03-07,2.2,evolucion_moneda_oficial
2002-03-08,2.25,evolucion_moneda_oficial
2002-03-11,2.35,evolucion_moneda_oficial
2002-03-12,2.4,evolucion_moneda_oficial
2002-03-13,2.37,evolucion_moneda_oficial
2002-03-14,2.37,evolucion_moneda_oficial
2002-03-15,2.31,evolucion_moneda_oficial
2002-03-18,2.38,evolucion_moneda_oficial
2002-03-19,2.42,evolucion_moneda_oficial
2002-03-20,2.48,evolucion_moneda_oficial
2002-03-21,2.38,evolucion_moneda_oficial
2002-03-22,2.95,evolucion_moneda_oficial
2002-03-25,3.15,evolucion_moneda_oficial
2002-03-26,2.9,evolucion_moneda_oficial
2002-03-27,3.0,evolucion_moneda_oficial
2002-04-02,2.95,evolucion_moneda_oficial
2002-04-03,2.95,evolucion_moneda_oficial
2002-04-04,2.68,evolucion_moneda_oficial
2002-04-05,2.75,evolucion_moneda_oficial
2002-04-08,2.75,evolucion_moneda_oficial
2002-04-09,2.8,evolucion_moneda_oficial
2002-04-10,2.8,evolucion_moneda_oficial
2002-04-11,2.85,evolucion_moneda_oficial
2002-04-12,2.9,evolucion_moneda_oficial
2002-04-15,2.95,evolucion_moneda_oficial
2002-04-16,2.8,evolucion_moneda_oficial
2002-04-17,2.87,evolucion_moneda_oficial
2002-04-18,3.1,evolucion_moneda_oficial
2002-04-19,3.15,evolucion_moneda_oficial
2002-04-29,2.95,evolucion_moneda_oficial
2002-04-30,2.98,evolucion_moneda_oficial
2002-05-02,3.1,evolucion_moneda_oficial
2002-05-03,3.2,evolucion_moneda_oficial
2002-05-06,3.2,evolucion_moneda_oficial
2002-05-07,3.2,evolucion_moneda_oficial
2002-05-08,3.2,evolucion_moneda_oficial
2002-05-09,3.19,evolucion_moneda_oficial
2002-05-10,3.25,evolucion_moneda_oficial
2002-05-13,3.25,evolucion_moneda_oficial
2002-05-14,3.25,evolucion_moneda_oficial
2002-05-15,3.25,evolucion_moneda_oficial
2002-05-16,3.25,evolucion_moneda_oficial
2002-05-17,3.4,evolucion_moneda_oficial
2002-05-20,3.55,evolucion_moneda_oficial
2002-05-22,3.45,evolucion_moneda_oficial
2002-05-23,3.4,evolucion_moneda_oficial
2002-05-24,3.45,evolucion_moneda_oficial
2002-05-27,3.5,evolucion_moneda_oficial
2002-05-28,3.5,evolucion_moneda_oficial
2002-05-29,3.6,evolucion_moneda_oficial
2002-05-31,3.6,evolucion_moneda_oficial
2002-06-03,3.62,evolucion_moneda_oficial
2002-06-04,3.62,evolucion_moneda_oficial
2002-06-05,3.65,evolucion_moneda_oficial
2002-06-06,3.65,evolucion_moneda_oficial
2002-06-10,3.5,evolucion_moneda_oficial
2002-06-11,3.5,evolucion_moneda_oficial
2002-06-12,3.5,evolucion_moneda_oficial
2002-06-13,3.5,evolucion_moneda_oficial
2002-06-14,3.57,evolucion_moneda_oficial
2002-06-18,3.55,evolucion_moneda_oficial
2002-06-19,3.56,evolucion_moneda_oficial
2002-06-20,3.61,evolucion_moneda_oficial
2002-06-21,3.73,evolucion_moneda_oficial
2002-06-24,3.79,evolucion_moneda_oficial
2002-06-25,3.9,evolucion_moneda_oficial
2002-06-26,3.85,evolucion_moneda_oficial
2002-06-27,3.8,evolucion_moneda_oficial
2002-06-28,3.8,evolucion_moneda_oficial
2002-07-01,3.79,evolucion_moneda_oficial
2002-07-02,3.65,evolucion_moneda_oficial
2002-07-03,3.59,evolucion_moneda_oficial
2002-07-04,3.57,evolucion_moneda_oficial
2002-07-05,3.6,evolucion_moneda_oficial
2002-07-08,3.55,evolucion_moneda_oficial
2002-07-10,3.56,evolucion_moneda_oficial
2002-07-11,3.59,evolucion_moneda_oficial
2002-07-12,3.6,evolucion_moneda_oficial
2002-07-15,3.6,evolucion_moneda_oficial
2002-07-16,3.57,evolucion_moneda_oficial
2002-07-17,3.57,evolucion_moneda_oficial
2002-07-18,3.56,evolucion_moneda_oficial
2002-07-19,3.58,evolucion_moneda_oficial
2002-07-22,3.62,evolucion_moneda_oficial
2002-07-23,3.67,evolucion_moneda_oficial
2002-07-24,3.64,evolucion_moneda_oficial
2002-07-25,3.65,evolucion_moneda_oficial
2002-07-26,3.66,evolucion_moneda_oficial
2002-07-29,3.66,evolucion_moneda_oficial
2002-07-30,3.68,evolucion_moneda_oficial
2002-07-31,3.7,evolucion_moneda_oficial
2002-08-01,3.61,evolucion_moneda_oficial
2002-08-02,3.63,evolucion_moneda_oficial
2002-08-05,3.64,evolucion_moneda_oficial
2002-08-06,3.63,evolucion_moneda_oficial
2002-08-07,3.64,evolucion_moneda_oficial
2002-08-08,3.65,evolucion_moneda_oficial
2002-08-09,3.64,evolucion_moneda_oficial
2002-08-12,3.62,evolucion_moneda_oficial
2002-08-13,3.63,evolucion_moneda_oficial
2002-08-14,3.64,evolucion_moneda_oficial
2002-08-15,3.64,evolucion_moneda_oficial
2002-08-16,3.64,evolucion_moneda_oficial
2002-08-20,3.63,evolucion_moneda_oficial
2002-08-21,3.59,evolucion_moneda_oficial
2002-08-22,3.59,evolucion_moneda_oficial
2002-08-23,3.62,evolucion_moneda_oficial
2002-08-26,3.63,evolucion_moneda_oficial
2002-08-27,3.62,evolucion_moneda_oficial
2002-08-28,3.61,evolucion_moneda_oficial
2002-08-29,3.62,evolucion_moneda_oficial
2002-08-30,3.63,evolucion_moneda_oficial
2002-09-02,3.63,evolucion_moneda_oficial
2002-09-03,3.64,evolucion_moneda_oficial
2002-09-04,3.65,evolucion_moneda_oficial
2002-09-05,3.63,evolucion_moneda_oficial
2002-09-06,3.63,evolucion_moneda_oficial
2002-09-09,3.63,evolucion_moneda_oficial
2002-09-10,3.63,evolucion_moneda_oficial
2002-09-11,3.62,evolucion_moneda_oficial
2002-09-12,3.62,evolucion_moneda_oficial
2002-09-13,3.63,evolucion_moneda_oficial
2002-09-16,3.65,evolucion_moneda_oficial
2002-09-17,3.63,evolucion_moneda_oficial
2002-09-18,3.65,evolucion_moneda_oficial
2002-09-19,3.67,evolucion_moneda_oficial
2002-09-20,3.66,evolucion_moneda_oficial
2002-09-23,3.67,evolucion_moneda_oficial
2002-09-24,3.65,evolucion_moneda_oficial
2002-09-25,3.67,evolucion_moneda_oficial
2002-09-26,3.63,evolucion_moneda_oficial
2002-09-27,3.75,evolucion_moneda_oficial
2002-09-30,3.75,evolucion_moneda_oficial
2002-10-01,3.74,evolucion_moneda_oficial
2002-10-02,3.75,evolucion_moneda_oficial
2002-10-03,3.75,evolucion_moneda_oficial
2002-10-04,3.75,evolucion_moneda_oficial
2002-10-07,3.75,evolucion_moneda_oficial
2002-10-08,3.74,evolucion_moneda_oficial
2002-10-09,3.72,evolucion_moneda_oficial
2002-10-10,3.7,evolucion_moneda_oficial
2002-10-11,3.7,evolucion_moneda_oficial
2002-10-15,3.66,evolucion_moneda_oficial
2002-10-16,3.6,evolucion_moneda_oficial
2002-10-17,3.6,evolucion_moneda_oficial
2002-10-18,3.7,evolucion_moneda_oficial
2002-10-21,3.63,evolucion_moneda_oficial
2002-10-22,3.62,evolucion_moneda_oficial
2002-10-23,3.61,evolucion_moneda_oficial
2002-10-24,3.61,evolucion_moneda_oficial
2002-10-25,3.62,evolucion_moneda_oficial
2002-10-28,3.6,evolucion_moneda_oficial
2002-10-29,3.58,evolucion_moneda_oficial
2002-10-30,3.55,evolucion_moneda_oficial
2002-10-31,3.52,evolucion_moneda_oficial
2002-11-01,3.52,evolucion_moneda_oficial
2002-11-04,3.57,evolucion_moneda_oficial
2002-11-05,3.54,evolucion_moneda_oficial
2002-11-07,3.57,evolucion_moneda_oficial
2002-11-08,3.56,evolucion_moneda_oficial
2002-11-11,3.56,evolucion_moneda_oficial
2002-11-12,3.53,evolucion_moneda_oficial
2002-11-13,3.53,evolucion_moneda_oficial
2002-11-14,3.56,evolucion_moneda_oficial
2002-11-15,3.54,evolucion_moneda_oficial
2002-11-18,3.53,evolucion_moneda_oficial
2002-11-19,3.52,evolucion_moneda_oficial
2002-11-20,3.52,evolucion_moneda_oficial
2002-11-21,3.51,evolucion_moneda_oficial
2002-11-22,3.5,evolucion_moneda_oficial
2002-11-25,3.5,evolucion_moneda_oficial
2002-11-26,3.48,evolucion_moneda_oficial
2002-11-27,3.5,evolucion_moneda_oficial
2002-11-29,3.64,evolucion_moneda_oficial
2002-12-02,3.58,evolucion_moneda_oficial
2002-12-03,3.54,evolucion_moneda_oficial
2002-12-04,3.53,evolucion_moneda_oficial
2002-12-05,3.53,evolucion_moneda_oficial
2002-12-06,3.53,evolucion_moneda_oficial
2002-12-09,3.53,evolucion_moneda_oficial
2002-12-10,3.52,evolucion_moneda_oficial
2002-12-11,3.51,evolucion_moneda_oficial
2002-12-12,3.5,evolucion_moneda_oficial
2002-12-13,3.52,evolucion_moneda_oficial
2002-12-16,3.54,evolucion_moneda_oficial
2002-12-17,3.54,evolucion_moneda_oficial
2002-12-18,3.5,evolucion_moneda_oficial
2002-12-19,3.47,evolucion_moneda_oficial
2002-12-20,3.49,evolucion_moneda_oficial
2002-12-23,3.47,evolucion_moneda_oficial
2002-12-24,3.47,evolucion_moneda_oficial
2002-12-26,3.4,evolucion_moneda_oficial
2002-12-27,3.4,evolucion_moneda_oficial
2002-12-30,3.38,evolucion_moneda_oficial
2002-12-31,3.37,evolucion_moneda_oficial
2003-01-02,3.35,evolucion_moneda_oficial
2003-01-03,3.34,evolucion_moneda_oficial
2003-01-06,3.33,evolucion_moneda_oficial
2003-01-07,3.28,evolucion_moneda_oficial
2003-01-08,3.3,evolucion_moneda_oficial
2003-01-09,3.34,evolucion_moneda_oficial
2003-01-10,3.35,evolucion_moneda_oficial
2003-01-13,3.33,evolucion_moneda_oficial
2003-01-14,3.25,evolucion_moneda_oficial
2003-01-15,3.23,evolucion_moneda_oficial
2003-01-16,3.26,evolucion_moneda_oficial
2003-01-17,3.22,evolucion_moneda_oficial
2003-01-20,3.19,evolucion_moneda_oficial
2003-01-21,3.1,evolucion_moneda_oficial
2003-01-22,3.1,evolucion_moneda_oficial
2003-01-23,3.14,evolucion_moneda_oficial
2003-01-24,3.14,evolucion_moneda_oficial
2003-01-27,3.32,evolucion_moneda_oficial
2003-01-28,3.32,evolucion_moneda_oficial
2003-01-29,3.31,evolucion_moneda_oficial
2003-01-30,3.25,evolucion_moneda_oficial
2003-01-31,3.21,evolucion_moneda_oficial
2003-02-03,3.18,evolucion_moneda_oficial
2003-02-04,3.17,evolucion_moneda_oficial
2003-02-05,3.16,evolucion_moneda_oficial
2003-02-06,3.16,evolucion_moneda_oficial
2003-02-07,3.15,evolucion_moneda_oficial
2003-02-10,3.13,evolucion_moneda_oficial
2003-02-11,3.11,evolucion_moneda_oficial
2003-02-12,3.11,evolucion_moneda_oficial
2003-02-13,3.14,evolucion_moneda_oficial
2003-02-14,3.18,evolucion_moneda_oficial
2003-02-17,3.16,evolucion_moneda_oficial
2003-02-18,3.17,evolucion_moneda_oficial
2003-02-19,3.19,evolucion_moneda_oficial
2003-02-20,3.21,evolucion_moneda_oficial
2003-02-21,3.21,evolucion_moneda_oficial
2003-02-24,3.17,evolucion_moneda_oficial
2003-02-25,3.16,evolucion_moneda_oficial
2003-02-26,3.17,evolucion_moneda_oficial
2003-02-27,3.19,evolucion_moneda_oficial
2003-02-28,3.19,evolucion_moneda_oficial
2003-03-03,3.21,evolucion_moneda_oficial
2003-03-04,3.18,evolucion_moneda_oficial
2003-03-05,3.17,evolucion_moneda_oficial
2003-03-06,3.18,evolucion_moneda_oficial
2003-03-07,3.16,evolucion_moneda_oficial
2003-03-10,3.14,evolucion_moneda_oficial
2003-03-11,3.13,evolucion_moneda_oficial
2003-03-12,3.11,evolucion_moneda_oficial
2003-03-13,3.12,evolucion_moneda_oficial
2003-03-14,3.12,evolucion_moneda_oficial
2003-03-17,3.1,evolucion_moneda_oficial
2003-03-18,3.06,evolucion_moneda_oficial
2003-03-19,3.01,evolucion_moneda_oficial
2003-03-20,3.03,evolucion_moneda_oficial
2003-03-21,3.02,evolucion_moneda_oficial
